-- phpMyAdmin SQL Dump
-- version 5.2.0
-- https://www.phpmyadmin.net/
--
-- Hôte : 127.0.0.1:3306
-- Généré le : lun. 12 juin 2023 à 09:40
-- Version du serveur : 8.0.31
-- Version de PHP : 8.0.26

SET SQL_MODE = "NO_AUTO_VALUE_ON_ZERO";
START TRANSACTION;
SET time_zone = "+00:00";


/*!40101 SET @OLD_CHARACTER_SET_CLIENT=@@CHARACTER_SET_CLIENT */;
/*!40101 SET @OLD_CHARACTER_SET_RESULTS=@@CHARACTER_SET_RESULTS */;
/*!40101 SET @OLD_COLLATION_CONNECTION=@@COLLATION_CONNECTION */;
/*!40101 SET NAMES utf8mb4 */;

--
-- Base de données : `pictopro`
--

-- --------------------------------------------------------

--
-- Structure de la table `categorie`
--

DROP TABLE IF EXISTS `categorie`;
CREATE TABLE IF NOT EXISTS `categorie` (
  `id` int NOT NULL AUTO_INCREMENT,
  `created_at` datetime(6) NOT NULL,
  `nom` varchar(255) CHARACTER SET utf8mb4 COLLATE utf8mb4_general_ci DEFAULT NULL,
  `picto_file` varchar(255) CHARACTER SET utf8mb4 COLLATE utf8mb4_general_ci DEFAULT NULL,
  `updated_at` datetime(6) DEFAULT NULL,
  PRIMARY KEY (`id`)
) ENGINE=InnoDB AUTO_INCREMENT=27 DEFAULT CHARSET=utf8mb4 COLLATE=utf8mb4_general_ci;

--
-- Déchargement des données de la table `categorie`
--

INSERT INTO `categorie` (`id`, `created_at`, `nom`, `picto_file`, `updated_at`) VALUES
(1, '2023-04-14 17:30:40.000000', 'Sujets', 'sujets.png', NULL),
(2, '2023-04-14 17:30:40.000000', 'Personnes', 'personnes.png', NULL),
(3, '2023-04-14 17:30:40.000000', 'Actions', 'actions.png', NULL),
(4, '2023-04-14 17:30:40.000000', 'Comportements', 'comportements.png', NULL),
(5, '2023-04-14 17:30:40.000000', 'Adjectifs', 'adjectifs.png', NULL),
(6, '2023-04-14 17:30:40.000000', 'Aliments', 'aliments.png', NULL),
(7, '2023-04-14 17:30:40.000000', 'Animaux', 'animaux.png', NULL),
(8, '2023-04-14 17:30:40.000000', 'Chiffres', 'chiffres.png', NULL),
(9, '2023-04-14 17:30:40.000000', 'Corps humain', 'corpsHumain.png', NULL),
(10, '2023-04-14 17:30:40.000000', 'Couleurs', 'couleurs.png', NULL),
(11, '2023-04-14 17:30:40.000000', 'Petits mots', 'determinants.png', NULL),
(12, '2023-04-14 17:30:40.000000', 'Émotions', 'emotions.png', NULL),
(13, '2023-04-14 17:30:40.000000', 'Langue des signes', 'langueDesSignes.png', NULL),
(14, '2023-04-14 17:30:40.000000', 'Lieux', 'lieux.png', NULL),
(15, '2023-04-14 17:30:40.000000', 'Météo', 'meteo.png', NULL),
(16, '2023-04-14 17:30:40.000000', 'Multimédia', 'multimedia.png', NULL),
(17, '2023-04-14 17:30:40.000000', 'Objets', 'objets.png', NULL),
(18, '2023-04-14 17:30:40.000000', 'Scolarité', 'scolarite.png', NULL),
(19, '2023-04-14 17:30:40.000000', 'Transports', 'transports.png', NULL),
(20, '2023-04-14 17:30:40.000000', 'Vêtements', 'vetements.png', NULL),
(21, '2023-04-14 17:30:40.000000', 'Orientation', 'orientation.png', NULL),
(22, '2023-04-14 17:30:40.000000', 'Rapide', 'rapide.png', NULL),
(23, '2023-04-14 17:30:40.000000', 'Formes', 'formes.png', NULL),
(24, '2023-04-14 17:30:40.000000', 'Sports', 'sports.png', NULL),
(25, '2023-04-14 17:30:40.000000', 'Sécurité Routière', 'securiteRoutiere.png', NULL),
(26, '2023-04-14 17:30:40.000000', 'Jouet', 'jouet.png', NULL);

-- --------------------------------------------------------

--
-- Structure de la table `conjugaison`
--

DROP TABLE IF EXISTS `conjugaison`;
CREATE TABLE IF NOT EXISTS `conjugaison` (
  `id` int NOT NULL AUTO_INCREMENT,
  `deuxieme_pers_pluriel` varchar(255) CHARACTER SET utf8mb4 COLLATE utf8mb4_general_ci DEFAULT NULL,
  `deuxieme_pers_sing` varchar(255) CHARACTER SET utf8mb4 COLLATE utf8mb4_general_ci DEFAULT NULL,
  `premiere_pers_pluriel` varchar(255) CHARACTER SET utf8mb4 COLLATE utf8mb4_general_ci DEFAULT NULL,
  `premiere_pers_sing` varchar(255) CHARACTER SET utf8mb4 COLLATE utf8mb4_general_ci DEFAULT NULL,
  `temps` varchar(255) CHARACTER SET utf8mb4 COLLATE utf8mb4_general_ci DEFAULT NULL,
  `troisieme_pers_pluriel` varchar(255) CHARACTER SET utf8mb4 COLLATE utf8mb4_general_ci DEFAULT NULL,
  `troisieme_pers_sing` varchar(255) CHARACTER SET utf8mb4 COLLATE utf8mb4_general_ci DEFAULT NULL,
  `irregulier_id` int DEFAULT NULL,
  PRIMARY KEY (`id`),
  KEY `FKhls5j2091cwwb1weyqf2ny34h` (`irregulier_id`)
) ENGINE=InnoDB AUTO_INCREMENT=37 DEFAULT CHARSET=utf8mb4 COLLATE=utf8mb4_general_ci;

--
-- Déchargement des données de la table `conjugaison`
--

INSERT INTO `conjugaison` (`id`, `deuxieme_pers_pluriel`, `deuxieme_pers_sing`, `premiere_pers_pluriel`, `premiere_pers_sing`, `temps`, `troisieme_pers_pluriel`, `troisieme_pers_sing`, `irregulier_id`) VALUES
(1, 'voulez', 'veux', 'voulons', 'veux', 'present', 'veulent', 'veut', 1),
(2, 'voudrez', 'voudras', 'voudrons', 'voudrai', 'futur', 'voudront', 'voudra', 1),
(3, 'buvez', 'bois', 'buvons', 'bois', 'present', 'boivent', 'boit', 2),
(4, 'boirez', 'boiras', 'boirons', 'boirai', 'futur', 'boiront', 'boira', 2),
(5, 'allez', 'vas', 'allons', 'vais', 'present', 'vont', 'va', 3),
(6, 'irez', 'iras', 'irons', 'irai', 'futur', 'iront', 'ira', 3),
(7, 'avez', 'as', 'avons', 'ai', 'present', 'ont', 'a', 4),
(8, 'aurez', 'auras', 'aurons', 'aurai', 'futur', 'auront', 'aura', 4),
(9, 'allez aux toilettes', 'vas aux toilettes', 'allons aux toilettes', 'vais aux toilettes', 'present', 'vont aux toilettes', 'va aux toilettes', 5),
(10, 'irez aux toilettes', 'iras aux toilettes', 'iront aux toilettes', 'irai aux toilettes', 'futur', 'iront aux toilettes', 'ira aux aux toilettes', 5),
(11, 'courez', 'cours', 'courons', 'cours', 'present', 'courent', 'court', 6),
(12, 'courrez ', 'courras', 'courrons', 'courrai', 'futur', 'courront', 'courra', 6),
(13, 'descendez', 'descends', 'descendons', 'descends', 'present', 'descendent', 'descend', 7),
(14, 'descendrez', 'descendras', 'descendrons', 'descendrai', 'futur', 'descendront', 'descendra', 7),
(15, 'écrivez', 'écris', 'écrivons', 'écris', 'present', 'écrivent', 'écrit', 8),
(16, 'écrirez', 'écriras', 'écriront', 'écrirai', 'futur', 'écriront', 'écrira', 8),
(17, 'êtes', 'es', 'sommes', 'suis', 'present', 'sont', 'est', 9),
(18, 'serez', 'seras', 'serons', 'serai', 'futur', 'seront', 'sera', 9),
(19, 'lisez', 'lis', 'lisons', 'lis', 'present', 'lisent', 'lit', 10),
(20, 'lirez', 'liras', 'lirons', 'lirai', 'futur', 'liront', 'lira', 10),
(21, 'prenez un bain', 'prends un bain', 'prenons un bain', 'prends un bain', 'present', 'prennent un bain', 'prend un bain', 11),
(22, 'prendrez un bain', 'prendras un bain', 'prendrons un bain', 'prendrai un bain', 'futur', 'prendront un bain', 'prendra un bain', 11),
(23, 'faites', 'fais', 'faisons', 'fais', 'present', 'font', 'fait', 12),
(24, 'ferez', 'feras', 'ferons', 'ferai', 'futur', 'feront', 'fera', 12),
(25, 'ouvrez', 'ouvres', 'ouvrons', 'ouvre', 'present', 'ouvrent', 'ouvre', 13),
(26, 'ouvrirez', 'ouvriras', 'ouvrirons', 'ouvrirai', 'futur', 'ouvriront', 'ouvrira', 13),
(27, 'mettez', 'mets', 'mettons', 'mets', 'present', 'mettent', 'met', 14),
(28, 'mettrez', 'mettras', 'mettrons', 'mettrai', 'futur', 'mettront', 'mettra', 14),
(29, 'rendez', 'rends', 'rendons', 'rends', 'present', 'rendent', 'rend', 15),
(30, 'rendrez', 'rendras', 'rendrons', 'rendrai', 'futur', 'rendront', 'rendra', 15),
(31, 'mordez', 'mords', 'mordons', 'mords', 'present', 'mordent', 'mord', 16),
(32, 'mordrez', 'mordras', 'mordrons', 'mordrai', 'futur', 'mordront', 'mordra', 16),
(33, 'voulez', 'veux', 'voulons', 'veux', 'present', 'veulent', 'veut', 42),
(34, 'voudrez', 'voudras', 'voudrons', 'voudrai', 'futur', 'voudront', 'voudra', 42),
(35, 'jetez', ' jettes', 'jetons', ' jette', 'present', 'jettent', ' jette', 86),
(36, ' jetterez', ' jetteras', ' jetterons', ' jetterai', 'futur', ' jetteront', ' jettera', 86);

-- --------------------------------------------------------

--
-- Structure de la table `dossier_medical`
--

DROP TABLE IF EXISTS `dossier_medical`;
CREATE TABLE IF NOT EXISTS `dossier_medical` (
  `id` int NOT NULL AUTO_INCREMENT,
  `created_at` datetime(6) DEFAULT NULL,
  `date_naissance` date NOT NULL,
  `nom` varchar(255) CHARACTER SET utf8mb4 COLLATE utf8mb4_general_ci DEFAULT NULL,
  `prenom` varchar(255) CHARACTER SET utf8mb4 COLLATE utf8mb4_general_ci DEFAULT NULL,
  `progression` varchar(255) CHARACTER SET utf8mb4 COLLATE utf8mb4_general_ci DEFAULT NULL,
  `statistique` varchar(255) CHARACTER SET utf8mb4 COLLATE utf8mb4_general_ci DEFAULT NULL,
  `updated_at` datetime(6) DEFAULT NULL,
  `professionnel_id` int DEFAULT NULL,
  PRIMARY KEY (`id`),
  KEY `FKqnfn437i833ltnjcrl9wu4plo` (`professionnel_id`)
) ENGINE=InnoDB AUTO_INCREMENT=5 DEFAULT CHARSET=utf8mb4 COLLATE=utf8mb4_general_ci;

--
-- Déchargement des données de la table `dossier_medical`
--

INSERT INTO `dossier_medical` (`id`, `created_at`, `date_naissance`, `nom`, `prenom`, `progression`, `statistique`, `updated_at`, `professionnel_id`) VALUES
(1, '2023-06-01 13:54:36.000000', '2023-06-01', 'Nompatient1', 'Prénompatient1', '111', '111', NULL, 3),
(2, '2023-06-01 13:54:36.000000', '2023-06-01', 'Nompatient2', 'Prénompatient2', '222', '222', NULL, 3),
(3, '2023-06-01 13:59:36.000000', '2023-06-01', 'Nompatient3', 'Prénompatient3', '333', '333', NULL, 4),
(4, '2023-06-01 13:59:36.000000', '2023-06-01', 'Nompatient4', 'Prénompatient4', '4444', '4444', NULL, 4);

-- --------------------------------------------------------

--
-- Structure de la table `irregulier`
--

DROP TABLE IF EXISTS `irregulier`;
CREATE TABLE IF NOT EXISTS `irregulier` (
  `id` int NOT NULL AUTO_INCREMENT,
  `feminin` varchar(255) CHARACTER SET utf8mb4 COLLATE utf8mb4_general_ci DEFAULT NULL,
  `participe_passe` varchar(255) CHARACTER SET utf8mb4 COLLATE utf8mb4_general_ci DEFAULT NULL,
  `pluriel` varchar(255) CHARACTER SET utf8mb4 COLLATE utf8mb4_general_ci DEFAULT NULL,
  PRIMARY KEY (`id`)
) ENGINE=InnoDB AUTO_INCREMENT=87 DEFAULT CHARSET=utf8mb4 COLLATE=utf8mb4_general_ci;

--
-- Déchargement des données de la table `irregulier`
--

INSERT INTO `irregulier` (`id`, `feminin`, `participe_passe`, `pluriel`) VALUES
(1, NULL, 'voulu', NULL),
(2, NULL, 'bu', NULL),
(3, NULL, 'allé', NULL),
(4, NULL, 'eu', NULL),
(5, NULL, 'allé aux toilettes', NULL),
(6, NULL, 'couru', NULL),
(7, NULL, 'descendu', NULL),
(8, NULL, 'écrit', NULL),
(9, NULL, 'été', NULL),
(10, NULL, 'lu', NULL),
(11, NULL, 'pris un bain', NULL),
(12, NULL, 'fait', NULL),
(13, NULL, 'ouvert', NULL),
(14, NULL, 'mis', NULL),
(15, NULL, 'rendu', NULL),
(16, NULL, 'mordu', NULL),
(17, NULL, NULL, 'eaux'),
(18, NULL, NULL, 'choux-fleurs'),
(19, NULL, NULL, 'noix'),
(20, NULL, NULL, 'noix de coco'),
(21, NULL, NULL, 'poireaux'),
(22, NULL, NULL, 'oiseaux'),
(23, NULL, NULL, 'chevaux'),
(24, NULL, NULL, 'gâteaux'),
(25, NULL, NULL, 'riz'),
(26, NULL, NULL, 'petits pots'),
(27, NULL, NULL, 'sauces ketchup'),
(28, NULL, NULL, 'nez'),
(29, NULL, NULL, 'haricots verts'),
(30, NULL, NULL, 'raisins noirs'),
(31, NULL, NULL, 'jus de raisin'),
(32, NULL, NULL, 'jus de pomme'),
(33, NULL, NULL, 'jus d\'orange'),
(34, NULL, NULL, 'eaux du robinet'),
(35, NULL, NULL, 'cheveux'),
(36, NULL, NULL, 'yeux'),
(37, 'curieuse', NULL, 'curieux'),
(38, 'inquiète', NULL, ''),
(39, 'joyeuse', NULL, 'joyeux'),
(40, 'amoureuse', NULL, 'amoureux'),
(41, NULL, NULL, 'maux'),
(42, NULL, 'voulu', NULL),
(43, NULL, NULL, 'cours de récréation'),
(44, NULL, NULL, 'salles de bain'),
(45, NULL, NULL, 'chambres à coucher'),
(46, NULL, NULL, 'magasins de glaces'),
(47, NULL, NULL, 'salons de coiffure'),
(48, NULL, NULL, 'caisses de supermarché'),
(49, NULL, NULL, 'hôpitaux'),
(50, NULL, NULL, 'gares routières'),
(51, NULL, NULL, 'passages piétons'),
(52, NULL, NULL, 'arcs-en-ciel'),
(53, NULL, NULL, 'téléphones portables'),
(54, NULL, NULL, 'ordinateurs portables'),
(55, NULL, NULL, 'couteaux'),
(56, NULL, NULL, 'brosses à dents'),
(57, NULL, NULL, 'serviettes de bain'),
(58, NULL, NULL, 'affaires de toilette'),
(59, NULL, NULL, 'trousses de toilette'),
(60, NULL, NULL, 'bandes dessinées'),
(61, NULL, NULL, 'sacs à dos'),
(62, NULL, NULL, 'seaux'),
(63, NULL, NULL, 'machines à laver'),
(64, NULL, NULL, 'caisses enregistreuses'),
(65, NULL, NULL, 'crayons de couleur'),
(66, NULL, NULL, 'tableaux'),
(67, NULL, NULL, 'bateaux'),
(68, NULL, NULL, 'camions de pompiers'),
(69, NULL, NULL, 'manteaux'),
(70, NULL, NULL, 'maillots de bain'),
(71, NULL, NULL, 'pyjamas d\'hôpital'),
(72, NULL, NULL, 'courses à pied'),
(73, NULL, NULL, 'jeux vidéos'),
(74, NULL, NULL, 'feux verts'),
(75, NULL, NULL, 'feux rouges'),
(76, NULL, NULL, 'passages piétons'),
(77, NULL, NULL, 'passages autorisés'),
(78, NULL, NULL, 'passages non autorisés'),
(79, 'interdite aux piétons', NULL, 'interdits aux piétons'),
(80, NULL, NULL, 'jeux vidéos'),
(81, NULL, NULL, 'cordes à sauter'),
(82, NULL, NULL, 'maisons de poupées'),
(83, NULL, NULL, 'pistolets à eau'),
(84, NULL, NULL, 'jeux de société'),
(85, NULL, NULL, 'bateaux'),
(86, NULL, 'jeté', NULL);

-- --------------------------------------------------------

--
-- Structure de la table `mot`
--

DROP TABLE IF EXISTS `mot`;
CREATE TABLE IF NOT EXISTS `mot` (
  `id` int NOT NULL AUTO_INCREMENT,
  `created_at` datetime(6) NOT NULL,
  `nom` varchar(255) CHARACTER SET utf8mb4 COLLATE utf8mb4_general_ci NOT NULL,
  `picto_file` varchar(255) CHARACTER SET utf8mb4 COLLATE utf8mb4_general_ci DEFAULT NULL,
  `updated_at` datetime(6) DEFAULT NULL,
  `categorie_id` int DEFAULT NULL,
  `irregulier_id` int DEFAULT NULL,
  `professionnel_id` int DEFAULT NULL,
  `sous_categorie_id` int DEFAULT NULL,
  PRIMARY KEY (`id`),
  KEY `FKmwb1cm2lcser63v964fas9102` (`categorie_id`),
  KEY `FK94s0buj6qhfhh2n76vymttn5n` (`irregulier_id`),
  KEY `FKk46y2d4gysg291pyyhwwe7irm` (`professionnel_id`),
  KEY `FKhiy1177oa9hpyss4vj3x0yglx` (`sous_categorie_id`)
) ENGINE=InnoDB AUTO_INCREMENT=534 DEFAULT CHARSET=utf8mb4 COLLATE=utf8mb4_general_ci;

--
-- Déchargement des données de la table `mot`
--

INSERT INTO `mot` (`id`, `created_at`, `nom`, `picto_file`, `updated_at`, `categorie_id`, `irregulier_id`, `professionnel_id`, `sous_categorie_id`) VALUES
(1, '2023-04-28 10:30:15.000000', 'je', 'je.png', '2023-06-11 20:04:51.988000', 1, NULL, NULL, NULL),
(2, '2023-04-28 10:31:05.000000', 'tu', 'tu.png', '2023-04-28 10:31:05.000000', 1, NULL, NULL, NULL),
(3, '2023-04-28 10:31:25.000000', 'il', 'il.png', '2023-04-28 10:31:25.000000', 1, NULL, NULL, NULL),
(4, '2023-04-28 10:31:41.000000', 'elle', 'elle.png', '2023-04-28 10:31:41.000000', 1, NULL, NULL, NULL),
(5, '2023-04-28 10:32:16.000000', 'nous', 'nous.png', '2023-04-28 10:32:16.000000', 1, NULL, NULL, NULL),
(6, '2023-04-28 10:32:33.000000', 'vous', 'vous.png', '2023-04-28 10:32:33.000000', 1, NULL, NULL, NULL),
(7, '2023-04-28 10:32:50.000000', 'ils', 'ils.png', '2023-04-28 10:32:50.000000', 1, NULL, NULL, NULL),
(8, '2023-04-28 10:33:49.000000', 'elles', 'elles.png', '2023-04-28 10:33:49.000000', 1, NULL, NULL, NULL),
(9, '2023-04-28 11:13:06.000000', 'moi', 'moi.png', '2023-04-28 11:13:06.000000', 1, NULL, NULL, NULL),
(10, '2023-04-28 11:13:37.000000', 'eux', 'eux.png', '2023-04-28 11:13:37.000000', 1, NULL, NULL, NULL),
(11, '2023-04-28 11:20:21.000000', 'vouloir', 'vouloir.png', '2023-04-28 11:20:21.000000', 3, 1, NULL, NULL),
(12, '2023-04-28 11:22:39.000000', 'regarder', 'regarder.png', '2023-04-28 11:22:39.000000', 3, NULL, NULL, NULL),
(13, '2023-04-28 11:24:32.000000', 'boire', 'boire.png', '2023-04-28 11:24:32.000000', 3, 2, NULL, NULL),
(14, '2023-04-28 11:25:15.000000', 'manger', 'manger.png', '2023-04-28 11:25:15.000000', 3, NULL, NULL, NULL),
(15, '2023-04-28 11:26:05.000000', 'aller', 'aller.png', '2023-04-28 11:26:05.000000', 3, 3, NULL, NULL),
(16, '2023-04-28 11:26:49.000000', 'avoir', 'avoir.png', '2023-04-28 11:26:49.000000', 3, 4, NULL, NULL),
(17, '2023-04-28 11:29:11.000000', 'aller aux toilettes', 'allerAuxToilettes.png', '2023-04-28 11:29:11.000000', 3, 5, NULL, NULL),
(18, '2023-04-28 11:29:45.000000', 'couper', 'couper.png', '2023-04-28 11:29:45.000000', 3, NULL, NULL, NULL),
(19, '2023-04-28 11:31:17.000000', 'courir', 'courir.png', '2023-04-28 11:31:17.000000', 3, 6, NULL, NULL),
(20, '2023-04-28 11:35:15.000000', 'descendre', 'descendre.png', '2023-04-28 11:35:15.000000', 3, 7, NULL, NULL),
(21, '2023-04-28 11:35:40.000000', 'dessiner', 'dessiner.png', '2023-04-28 11:35:40.000000', 3, NULL, NULL, NULL),
(22, '2023-04-28 11:36:03.000000', 'écouter', 'ecouter.png', '2023-04-28 11:36:03.000000', 3, NULL, NULL, NULL),
(23, '2023-04-28 11:37:51.000000', 'écrire', 'ecrire.png', '2023-04-28 11:37:51.000000', 3, 8, NULL, NULL),
(24, '2023-04-28 11:39:27.000000', 'être', 'etre.png', '2023-04-28 11:39:27.000000', 3, 9, NULL, NULL),
(25, '2023-04-28 11:39:46.000000', 'jouer', 'jouer.png', '2023-04-28 11:39:46.000000', 3, NULL, NULL, NULL),
(26, '2023-04-28 11:40:28.000000', 'laver le linge', 'laverLeLinge.png', '2023-04-28 11:40:28.000000', 3, NULL, NULL, NULL),
(27, '2023-04-28 11:40:58.000000', 'laver les dents', 'laverLesDents.png', '2023-04-28 11:40:58.000000', 3, NULL, NULL, NULL),
(28, '2023-04-28 11:41:34.000000', 'laver', 'laver.png', '2023-04-28 11:41:34.000000', 3, NULL, NULL, NULL),
(29, '2023-04-28 11:42:52.000000', 'lire', 'lire.png', '2023-04-28 11:42:52.000000', 3, 10, NULL, NULL),
(30, '2023-04-28 11:44:02.000000', 'monter', 'monter.png', '2023-04-28 11:44:02.000000', 3, NULL, NULL, NULL),
(31, '2023-04-28 11:46:22.000000', 'se moucher', 'moucher.png', '2023-04-28 11:46:22.000000', 3, NULL, NULL, NULL),
(32, '2023-04-28 11:46:42.000000', 'nager', 'nager.png', '2023-04-28 11:46:42.000000', 3, NULL, NULL, NULL),
(33, '2023-04-28 11:49:09.000000', 'prendre un bain', 'prendreUnBain.png', '2023-04-28 11:49:09.000000', 3, 11, NULL, NULL),
(34, '2023-04-28 11:52:03.000000', 'regarder la télévision', 'regarderLaTelevision.png', '2023-04-28 11:52:03.000000', 3, NULL, NULL, NULL),
(35, '2023-04-28 11:53:04.000000', 'remplir', 'remplir.png', '2023-04-28 11:53:04.000000', 3, NULL, NULL, NULL),
(36, '2023-04-28 11:53:30.000000', 'renverser', 'renverser.png', '2023-04-28 11:53:30.000000', 3, NULL, NULL, NULL),
(37, '2023-04-28 11:55:31.000000', 's\'habiller', 'sHabiller.png', '2023-04-28 11:55:31.000000', 3, NULL, NULL, NULL),
(38, '2023-04-28 12:00:13.000000', 'salir', 'salir.png', '2023-04-28 12:00:13.000000', 3, NULL, NULL, NULL),
(39, '2023-04-28 12:01:30.000000', 'se déshabiller', 'seDeshabiller.png', '2023-04-28 12:01:30.000000', 3, NULL, NULL, NULL),
(40, '2023-04-28 12:01:58.000000', 'siffler', 'siffler.png', '2023-04-28 12:01:58.000000', 3, NULL, NULL, NULL),
(41, '2023-04-28 12:02:40.000000', 'téléphoner', 'telephoner.png', '2023-04-28 12:02:40.000000', 3, NULL, NULL, NULL),
(42, '2023-04-28 12:03:26.000000', 'faire', 'faire.png', '2023-04-28 12:03:26.000000', 3, 12, NULL, NULL),
(43, '2023-04-28 12:03:58.000000', 'souffler', 'souffler.png', '2023-04-28 12:03:58.000000', 3, NULL, NULL, NULL),
(44, '2023-04-28 12:04:17.000000', 'fermer', 'fermer.png', '2023-04-28 12:04:17.000000', 3, NULL, NULL, NULL),
(45, '2023-04-28 12:05:48.000000', 'ouvrir', 'ouvrir.png', '2023-04-28 12:05:48.000000', 3, 13, NULL, NULL),
(46, '2023-04-28 12:06:22.000000', 'ranger', 'ranger.png', '2023-04-28 12:06:22.000000', 3, NULL, NULL, NULL),
(47, '2023-04-28 12:07:43.000000', 'mettre', 'mettre.png', '2023-04-28 12:07:43.000000', 3, 14, NULL, NULL),
(48, '2023-04-28 12:08:05.000000', 'acheter', 'acheter.png', '2023-04-28 12:08:05.000000', 3, NULL, NULL, NULL),
(49, '2023-04-28 12:08:34.000000', 'lever', 'lever.png', '2023-04-28 12:08:34.000000', 3, NULL, NULL, NULL),
(50, '2023-04-28 12:08:56.000000', 'traverser', 'traverser.png', '2023-04-28 12:08:56.000000', 3, NULL, NULL, NULL),
(51, '2023-04-28 12:10:59.000000', 'rendre', 'rendre.png', '2023-04-28 12:10:59.000000', 3, 15, NULL, NULL),
(52, '2023-04-28 12:11:32.000000', 'verser', 'verser.png', '2023-04-28 12:11:32.000000', 3, NULL, NULL, NULL),
(53, '2023-05-02 15:50:02.000000', 'le', 'le.png', '2023-05-02 15:50:02.000000', 11, NULL, NULL, 13),
(54, '2023-05-02 15:57:09.000000', 'la', 'la.png', '2023-05-02 15:57:09.000000', 11, NULL, NULL, 13),
(55, '1900-01-01 00:00:00.000000', 'grand-mère', 'grandMere.png', '1900-01-01 00:00:00.000000', 2, NULL, NULL, 6),
(56, '1900-01-01 00:00:00.000000', 'papa', 'papa.png', '1900-01-01 00:00:00.000000', 2, NULL, NULL, 6),
(57, '1900-01-01 00:00:00.000000', 'maman', 'maman.png', '1900-01-01 00:00:00.000000', 2, NULL, NULL, 6),
(58, '1900-01-01 00:00:00.000000', 'grand-père', 'grandPere.png', '1900-01-01 00:00:00.000000', 2, NULL, NULL, 6),
(59, '1900-01-01 00:00:00.000000', 'médecin', 'medecin.png', '1900-01-01 00:00:00.000000', 2, NULL, NULL, NULL),
(60, '1900-01-01 00:00:00.000000', 'orthophoniste', 'orthophoniste.png', '1900-01-01 00:00:00.000000', 2, NULL, NULL, NULL),
(61, '1900-01-01 00:00:00.000000', 'professeur', 'professeur.png', '1900-01-01 00:00:00.000000', 2, NULL, NULL, NULL),
(62, '1900-01-01 00:00:00.000000', 'astronaute', 'astronaute.png', '1900-01-01 00:00:00.000000', 2, NULL, NULL, NULL),
(63, '1900-01-01 00:00:00.000000', 'bibliothécaire', 'bibliothecaire.png', '1900-01-01 00:00:00.000000', 2, NULL, NULL, NULL),
(64, '1900-01-01 00:00:00.000000', 'caissière', 'caissiere.png', '1900-01-01 00:00:00.000000', 2, NULL, NULL, NULL),
(65, '1900-01-01 00:00:00.000000', 'chauffeur de taxi', 'chauffeurDeTaxi.png', '1900-01-01 00:00:00.000000', 2, NULL, NULL, NULL),
(66, '1900-01-01 00:00:00.000000', 'chef d\'orchestre', 'chefDOrchestre.png', '1900-01-01 00:00:00.000000', 2, NULL, NULL, NULL),
(67, '1900-01-01 00:00:00.000000', 'coiffeuse', 'coiffeuse.png', '1900-01-01 00:00:00.000000', 2, NULL, NULL, NULL),
(68, '1900-01-01 00:00:00.000000', 'cuisinier', 'cuisinier.png', '1900-01-01 00:00:00.000000', 2, NULL, NULL, NULL),
(69, '1900-01-01 00:00:00.000000', 'danseur', 'danseur.png', '1900-01-01 00:00:00.000000', 2, NULL, NULL, NULL),
(70, '1900-01-01 00:00:00.000000', 'informaticienne', 'informaticienne.png', '1900-01-01 00:00:00.000000', 2, NULL, NULL, NULL),
(71, '1900-01-01 00:00:00.000000', 'livreur', 'livreur.png', '1900-01-01 00:00:00.000000', 2, NULL, NULL, NULL),
(72, '1900-01-01 00:00:00.000000', 'moniteur', 'moniteur.png', '1900-01-01 00:00:00.000000', 2, NULL, NULL, NULL),
(73, '1900-01-01 00:00:00.000000', 'opticien', 'opticien.png', '1900-01-01 00:00:00.000000', 2, NULL, NULL, NULL),
(74, '1900-01-01 00:00:00.000000', 'plombier', 'plombier.png', '1900-01-01 00:00:00.000000', 2, NULL, NULL, NULL),
(75, '1900-01-01 00:00:00.000000', 'policier', 'policier.png', '1900-01-01 00:00:00.000000', 2, NULL, NULL, NULL),
(76, '1900-01-01 00:00:00.000000', 'pompière', 'pompiere.png', '1900-01-01 00:00:00.000000', 2, NULL, NULL, NULL),
(77, '1900-01-01 00:00:00.000000', 'psychologue', 'psychologue.png', '1900-01-01 00:00:00.000000', 2, NULL, NULL, NULL),
(78, '1900-01-01 00:00:00.000000', 'scientifique', 'scientifique.png', '1900-01-01 00:00:00.000000', 2, NULL, NULL, NULL),
(79, '1900-01-01 00:00:00.000000', 'infirmière', 'infirmiere.png', '1900-01-01 00:00:00.000000', 2, NULL, NULL, NULL),
(80, '1900-01-01 00:00:00.000000', 'éducatrice', 'educatrice.png', '1900-01-01 00:00:00.000000', 2, NULL, NULL, NULL),
(81, '1900-01-01 00:00:00.000000', 'assis', 'assis.png', '1900-01-01 00:00:00.000000', 4, NULL, NULL, NULL),
(82, '1900-01-01 00:00:00.000000', 'casser', 'casser.png', '1900-01-01 00:00:00.000000', 4, NULL, NULL, NULL),
(83, '1900-01-01 00:00:02.000000', 'cracher', 'cracher.png', '1900-01-01 00:00:00.000000', 4, NULL, NULL, NULL),
(84, '1900-01-01 00:00:00.000000', 'crier', 'crier.png', '1900-01-01 00:00:00.000000', 4, NULL, NULL, NULL),
(85, '1900-01-01 00:00:00.000000', 'disputer', 'disputer.png', '1900-01-01 00:00:00.000000', 4, NULL, NULL, NULL),
(86, '1900-01-01 00:00:00.000000', 'frapper', 'frapper.png', '1900-01-01 00:00:00.000000', 4, NULL, NULL, NULL),
(87, '1900-01-01 00:00:00.000000', 'jeter', 'jeter.png', '2023-05-22 13:23:46.998000', 4, 86, NULL, NULL),
(88, '1900-01-01 00:00:00.000000', 'griffer', 'griffer.png', '1900-01-01 00:00:00.000000', 4, NULL, NULL, NULL),
(89, '1900-01-01 00:00:00.000000', 'mordre', 'mordre.png', '1900-01-01 00:00:00.000000', 4, 16, NULL, NULL),
(90, '1900-01-01 00:00:00.000000', 'trépigner', 'trepigner.png', '1900-01-01 00:00:00.000000', 4, NULL, NULL, NULL),
(91, '1900-01-01 00:00:00.000000', 'silence', 'silence.png', '1900-01-01 00:00:00.000000', 4, NULL, NULL, NULL),
(92, '1900-01-01 00:00:00.000000', 'court', 'court.png', '1900-01-01 00:00:00.000000', 5, NULL, NULL, NULL),
(93, '1900-01-01 00:00:00.000000', 'petit', 'petit.png', '1900-01-01 00:00:00.000000', 5, NULL, NULL, NULL),
(94, '1900-01-01 00:00:00.000000', 'grand', 'grand.png', '1900-01-01 00:00:00.000000', 5, NULL, NULL, NULL),
(95, '1900-01-01 00:00:00.000000', 'long', 'long.png', '1900-01-01 00:00:00.000000', 5, NULL, NULL, NULL),
(96, '1900-01-01 00:00:00.000000', 'correct', 'correct.png', '1900-01-01 00:00:00.000000', 5, NULL, NULL, NULL),
(97, '1900-01-01 00:00:00.000000', 'incorrect', 'incorrect.png', '1900-01-01 00:00:00.000000', 5, NULL, NULL, NULL),
(98, '1900-01-01 00:00:00.000000', 'accompagné', 'accompagnee.png', '1900-01-01 00:00:00.000000', 5, NULL, NULL, NULL),
(99, '1900-01-01 00:00:00.000000', 'cassé', 'casse.png', '1900-01-01 00:00:00.000000', 5, NULL, NULL, NULL),
(100, '1900-01-01 00:00:00.000000', 'coiffé', 'coiffee.png', '1900-01-01 00:00:00.000000', 5, NULL, NULL, NULL),
(101, '1900-01-01 00:00:00.000000', 'décoiffé', 'décoiffe.png', '1900-01-01 00:00:00.000000', 5, NULL, NULL, NULL),
(102, '1900-01-01 00:00:00.000000', 'dernier', 'dernier.png', '1900-01-01 00:00:00.000000', 5, NULL, NULL, NULL),
(103, '1900-01-01 00:00:00.000000', 'deuxième', 'deuxieme.png', '1900-01-01 00:00:00.000000', 5, NULL, NULL, NULL),
(104, '1900-01-01 00:00:00.000000', 'étroit', 'etroit.png', '1900-01-01 00:00:00.000000', 5, NULL, NULL, NULL),
(105, '1900-01-01 00:00:00.000000', 'fermé', 'ferme.png', '1900-01-01 00:00:00.000000', 5, NULL, NULL, NULL),
(106, '1900-01-01 00:00:00.000000', 'gros', 'gros.png', '1900-01-01 00:00:00.000000', 5, NULL, NULL, NULL),
(107, '1900-01-01 00:00:00.000000', 'large', 'large.png', '1900-01-01 00:00:00.000000', 5, NULL, NULL, NULL),
(108, '1900-01-01 00:00:00.000000', 'lent', 'lent.png', '1900-01-01 00:00:00.000000', 5, NULL, NULL, NULL),
(109, '1900-01-01 00:00:00.000000', 'mince', 'mince.png', '1900-01-01 00:00:00.000000', 5, NULL, NULL, NULL),
(110, '1900-01-01 00:00:00.000000', 'mouillé', 'mouille.png', '1900-01-01 00:00:00.000000', 5, NULL, NULL, NULL),
(111, '1900-01-01 00:00:00.000000', 'ouvert', 'ouvert.png', '1900-01-01 00:00:00.000000', 5, NULL, NULL, NULL),
(112, '1900-01-01 00:00:00.000000', 'premier', 'premier.png', '1900-01-01 00:00:00.000000', 5, NULL, NULL, NULL),
(113, '1900-01-01 00:00:00.000000', 'sec', 'sec.png', '1900-01-01 00:00:00.000000', 5, NULL, NULL, NULL),
(114, '1900-01-01 00:00:00.000000', 'solitaire', 'solitaire.png', '1900-01-01 00:00:00.000000', 5, NULL, NULL, NULL),
(115, '1900-01-01 00:00:00.000000', 'vide', 'vide.png', '1900-01-01 00:00:00.000000', 5, NULL, NULL, NULL),
(116, '1900-01-01 00:00:00.000000', 'propre', 'propre.png', '1900-01-01 00:00:00.000000', 5, NULL, NULL, NULL),
(117, '1900-01-01 00:00:00.000000', 'sale', 'sale.png', '1900-01-01 00:00:00.000000', 5, NULL, NULL, NULL),
(118, '1900-01-01 00:00:00.000000', 'chaud', 'chaud.png', '1900-01-01 00:00:00.000000', 5, NULL, NULL, NULL),
(119, '1900-01-01 00:00:00.000000', 'froid', 'froid.png', '1900-01-01 00:00:00.000000', 5, NULL, NULL, NULL),
(120, '1900-01-01 00:00:00.000000', 'eau', 'eau.png', '1900-01-01 00:00:00.000000', 6, 17, NULL, 1),
(121, '1900-01-01 00:00:00.000000', 'chocolat', 'chocolatChaud.png', '1900-01-01 00:00:00.000000', 6, NULL, NULL, 1),
(122, '1900-01-01 00:00:00.000000', 'jus d\'orange', 'jusDOrange.png', '1900-01-01 00:00:00.000000', 6, 33, NULL, 1),
(123, '1900-01-01 00:00:00.000000', 'soda', 'soda.png', '1900-01-01 00:00:00.000000', 6, NULL, NULL, 1),
(124, '1900-01-01 00:00:00.000000', 'jus de pomme', 'jusDePomme.png', '1900-01-01 00:00:00.000000', 6, 32, NULL, 1),
(125, '1900-01-01 00:00:00.000000', 'café', 'cafe.png', '1900-01-01 00:00:00.000000', 6, NULL, NULL, 1),
(126, '1900-01-01 00:00:00.000000', 'eau du robinet', 'eauDuRobinet.png', '1900-01-01 00:00:00.000000', 6, 34, NULL, 1),
(127, '1900-01-01 00:00:00.000000', 'jus de raisin', 'jusDeRaisin.png', '1900-01-01 00:00:00.000000', 6, 31, NULL, 1),
(128, '1900-01-01 00:00:00.000000', 'lait', 'lait.png', '1900-01-01 00:00:00.000000', 6, NULL, NULL, 1),
(129, '1900-01-01 00:00:00.000000', 'limonade', 'limonade.png', '1900-01-01 00:00:00.000000', 6, NULL, NULL, 1),
(130, '1900-01-01 00:00:00.000000', 'banane', 'banane.png', '1900-01-01 00:00:00.000000', 6, NULL, NULL, 2),
(131, '1900-01-01 00:00:00.000000', 'carotte', 'carotte.png', '1900-01-01 00:00:00.000000', 6, NULL, NULL, 2),
(132, '1900-01-01 00:00:00.000000', 'fraise', 'fraise.png', '1900-01-01 00:00:00.000000', 6, NULL, NULL, 2),
(133, '1900-01-01 00:00:00.000000', 'orange', 'orange.png', '1900-01-01 00:00:00.000000', 6, NULL, NULL, 2),
(134, '1900-01-01 00:00:00.000000', 'pomme de terre', 'pommeDeTerre.png', '1900-01-01 00:00:00.000000', 6, NULL, NULL, 2),
(135, '1900-01-01 00:00:00.000000', 'ananas', 'ananas.png', '1900-01-01 00:00:00.000000', 6, NULL, NULL, 2),
(136, '1900-01-01 00:00:00.000000', 'aubergine', 'aubergine.png', '1900-01-01 00:00:00.000000', 6, NULL, NULL, 2),
(137, '1900-01-01 00:00:00.000000', 'brocoli', 'brocoli.png', '1900-01-01 00:00:00.000000', 6, NULL, NULL, 2),
(138, '1900-01-01 00:00:00.000000', 'cerise', 'cerise.png', '1900-01-01 00:00:00.000000', 6, NULL, NULL, 2),
(139, '1900-01-01 00:00:00.000000', 'chou-fleur', 'chouFleur.png', '1900-01-01 00:00:00.000000', 6, 18, NULL, 2),
(140, '1900-01-01 00:00:00.000000', 'citron', 'citron.png', '1900-01-01 00:00:00.000000', 6, NULL, NULL, 2),
(141, '1900-01-01 00:00:00.000000', 'cornichon', 'cornichon.png', '1900-01-01 00:00:00.000000', 6, NULL, NULL, 2),
(142, '1900-01-01 00:00:00.000000', 'framboise', 'framboises.png', '1900-01-01 00:00:00.000000', 6, NULL, NULL, 2),
(143, '1900-01-01 00:00:00.000000', 'haricot vert', 'haricotsVerts.png', '1900-01-01 00:00:00.000000', 6, 29, NULL, 2),
(144, '1900-01-01 00:00:00.000000', 'maïs', 'mais.png', '1900-01-01 00:00:00.000000', 6, NULL, NULL, 2),
(145, '1900-01-01 00:00:00.000000', 'myrtille', 'myrtilles.png', '1900-01-01 00:00:00.000000', 6, NULL, NULL, 2),
(146, '1900-01-01 00:00:00.000000', 'noix de coco', 'noixDeCoco.png', '1900-01-01 00:00:00.000000', 6, 20, NULL, 2),
(147, '1900-01-01 00:00:00.000000', 'noix', 'noix.png', '1900-01-01 00:00:00.000000', 6, 19, NULL, 2),
(148, '1900-01-01 00:00:00.000000', 'oignon', 'oignon.png', '1900-01-01 00:00:00.000000', 6, NULL, NULL, 2),
(149, '1900-01-01 00:00:00.000000', 'olive', 'olives.png', '1900-01-01 00:00:00.000000', 6, NULL, NULL, 2),
(150, '1900-01-01 00:00:00.000000', 'pastèque', 'pasteque.png', '1900-01-01 00:00:00.000000', 6, NULL, NULL, 2),
(151, '1900-01-01 00:00:00.000000', 'poire', 'poire.png', '1900-01-01 00:00:00.000000', 6, NULL, NULL, 2),
(152, '1900-01-01 00:00:00.000000', 'poireau', 'poireaux.png', '1900-01-01 00:00:00.000000', 6, 21, NULL, 2),
(153, '1900-01-01 00:00:00.000000', 'poivron', 'poivron.png', '1900-01-01 00:00:00.000000', 6, NULL, NULL, 2),
(154, '1900-01-01 00:00:00.000000', 'pomme', 'pomme.png', '1900-01-01 00:00:00.000000', 6, NULL, NULL, 2),
(155, '1900-01-01 00:00:00.000000', 'raisin noir', 'raisinsNoirs.png', '1900-01-01 00:00:00.000000', 6, 30, NULL, 2),
(156, '1900-01-01 00:00:00.000000', 'salade', 'salade.png', '1900-01-01 00:00:00.000000', 6, NULL, NULL, 2),
(157, '1900-01-01 00:00:00.000000', 'tomate', 'tomate.png', '1900-01-01 00:00:00.000000', 6, NULL, NULL, 2),
(158, '1900-01-01 00:00:00.000000', 'chat', 'chat.png', '1900-01-01 00:00:00.000000', 7, NULL, NULL, NULL),
(159, '1900-01-01 00:00:00.000000', 'chien', 'chien.png', '1900-01-01 00:00:00.000000', 7, NULL, NULL, NULL),
(160, '1900-01-01 00:00:00.000000', 'lapin', 'lapin.png', '1900-01-01 00:00:00.000000', 7, NULL, NULL, NULL),
(161, '1900-01-01 00:00:00.000000', 'oiseau', 'oiseau.png', '1900-01-01 00:00:00.000000', 7, 22, NULL, NULL),
(162, '1900-01-01 00:00:00.000000', 'poisson', 'poissons.png', '1900-01-01 00:00:00.000000', 7, NULL, NULL, NULL),
(163, '1900-01-01 00:00:00.000000', 'canard', 'canard.png', '1900-01-01 00:00:00.000000', 7, NULL, NULL, NULL),
(164, '1900-01-01 00:00:00.000000', 'cheval', 'cheval.png', '1900-01-01 00:00:00.000000', 7, 23, NULL, NULL),
(165, '1900-01-01 00:00:00.000000', 'cochon', 'cochon.png', '1900-01-01 00:00:00.000000', 7, NULL, NULL, NULL),
(166, '1900-01-01 00:00:00.000000', 'crocodile', 'crocodile.png', '1900-01-01 00:00:00.000000', 7, NULL, NULL, NULL),
(167, '1900-01-01 00:00:00.000000', 'dauphin', 'dauphin.png', '1900-01-01 00:00:00.000000', 7, NULL, NULL, NULL),
(168, '1900-01-01 00:00:00.000000', 'dinosaure', 'dinosaure.png', '1900-01-01 00:00:00.000000', 7, NULL, NULL, NULL),
(169, '1900-01-01 00:00:00.000000', 'éléphant', 'elephant.png', '1900-01-01 00:00:00.000000', 7, NULL, NULL, NULL),
(170, '1900-01-02 00:00:00.000000', 'escargot', 'escargot.png', '1900-01-01 00:00:00.000000', 7, NULL, NULL, NULL),
(171, '1900-01-01 00:00:00.000000', 'grenouille', 'grenouille.png', '1900-01-01 00:00:00.000000', 7, NULL, NULL, NULL),
(172, '1900-01-01 00:00:00.000000', 'hamster', 'hamster.png', '1900-01-01 00:00:00.000000', 7, NULL, NULL, NULL),
(173, '1900-01-01 00:00:00.000000', 'lion', 'lion.png', '1900-01-01 00:00:00.000000', 7, NULL, NULL, NULL),
(174, '1900-01-01 00:00:00.000000', 'mouton', 'mouton.png', '1900-01-01 00:00:00.000000', 7, NULL, NULL, NULL),
(175, '1900-01-01 00:00:00.000000', 'oie', 'oie.png', '1900-01-01 00:00:00.000000', 7, NULL, NULL, NULL),
(176, '1900-01-01 00:00:00.000000', 'papillon', 'papillon.png', '1900-01-01 00:00:00.000000', 7, NULL, NULL, NULL),
(177, '1900-01-01 00:00:00.000000', 'perruche', 'perruche.png', '1900-01-01 00:00:00.000000', 7, NULL, NULL, NULL),
(178, '1900-01-01 00:00:00.000000', 'poule', 'poule.png', '1900-01-01 00:00:00.000000', 7, NULL, NULL, NULL),
(179, '1900-01-01 00:00:00.000000', 'singe', 'singe.png', '1900-01-01 00:00:00.000000', 7, NULL, NULL, NULL),
(180, '1900-01-01 00:00:00.000000', 'souris', 'souris.png', '1900-01-01 00:00:00.000000', 7, NULL, NULL, NULL),
(181, '1900-01-01 00:00:00.000000', 'tortue', 'tortue.png', '1900-01-01 00:00:00.000000', 7, NULL, NULL, NULL),
(182, '1900-01-01 00:00:00.000000', 'vache', 'vache.png', '1900-01-01 00:00:00.000000', 7, NULL, NULL, NULL),
(183, '1900-01-01 00:00:00.000000', 'céréale', 'cereales.png', '1900-01-01 00:00:00.000000', 6, NULL, NULL, NULL),
(184, '1900-01-01 00:00:00.000000', 'dessert', 'dessert.png', '1900-01-01 00:00:00.000000', 6, NULL, NULL, NULL),
(185, '1900-01-01 00:00:00.000000', 'gâteau', 'gateaux.png', '1900-01-01 00:00:00.000000', 6, 24, NULL, NULL),
(186, '1900-01-01 00:00:00.000000', 'glace', 'glace.png', '1900-01-01 00:00:00.000000', 6, NULL, NULL, NULL),
(187, '1900-01-01 00:00:00.000000', 'riz', 'riz.png', '1900-01-01 00:00:00.000000', 6, 25, NULL, NULL),
(188, '1900-01-01 00:00:00.000000', 'beurre', 'beurre.png', '1900-01-01 00:00:00.000000', 6, NULL, NULL, NULL),
(192, '1900-01-01 00:00:00.000000', 'confiture', 'confiture.png', '1900-01-01 00:00:00.000000', 6, NULL, NULL, NULL),
(193, '1900-01-01 00:00:00.000000', 'chocolat', 'chocolat.png', '1900-01-01 00:00:00.000000', 6, NULL, NULL, NULL),
(194, '1900-01-01 00:00:00.000000', 'pâte', 'pates.png', '1900-01-01 00:00:00.000000', 6, NULL, NULL, NULL),
(195, '1900-01-01 00:00:00.000000', 'farine', 'farine.png', '1900-01-01 00:00:00.000000', 6, NULL, NULL, NULL),
(196, '1900-01-01 00:00:00.000000', 'flan', 'flan.png', '1900-01-01 00:00:00.000000', 6, NULL, NULL, NULL),
(197, '1900-01-01 00:00:00.000000', 'fromage', 'fromage.png', '1900-01-01 00:00:00.000000', 6, NULL, NULL, NULL),
(198, '1900-01-01 00:00:00.000000', 'jambon', 'jambon.png', '1900-01-01 00:00:00.000000', 6, NULL, NULL, NULL),
(199, '1900-01-01 00:00:00.000000', 'miel', 'miel.png', '1900-01-01 00:00:00.000000', 6, NULL, NULL, NULL),
(200, '1900-01-01 00:00:00.000000', 'moutarde', 'moutarde.png', '1900-01-01 00:00:00.000000', 6, NULL, NULL, NULL),
(201, '1900-01-01 00:00:00.000000', 'oeuf', 'oeufs.png', '1900-01-01 00:00:00.000000', 6, NULL, NULL, NULL),
(202, '1900-01-01 00:00:00.000000', 'pain', 'pain.png', '1900-01-01 00:00:00.000000', 6, NULL, NULL, NULL),
(203, '1900-01-01 00:00:00.000000', 'petit pot', 'petitPot.png', '1900-01-01 00:00:00.000000', 6, 26, NULL, NULL),
(208, '1900-01-01 00:00:00.000000', 'poisson', 'poisson.png', '1900-01-01 00:00:00.000000', 6, NULL, NULL, NULL),
(209, '1900-01-01 00:00:00.000000', 'poivre', 'poivre.png', '1900-01-01 00:00:00.000000', 6, NULL, NULL, NULL),
(210, '1900-01-01 00:00:00.000000', 'poulet', 'poulet.png', '1900-01-01 00:00:00.000000', 6, NULL, NULL, NULL),
(211, '1900-01-01 00:00:00.000000', 'sandwich', 'sandwich.png', '1900-01-01 00:00:00.000000', 6, NULL, NULL, NULL),
(212, '1900-01-01 00:00:00.000000', 'sauce ketchup', 'sauceKetchup.png', '1900-01-01 00:00:00.000000', 6, 27, NULL, NULL),
(213, '1900-01-01 00:00:00.000000', 'sel', 'sel.png', '1900-01-01 00:00:00.000000', 6, NULL, NULL, NULL),
(214, '1900-01-01 00:00:00.000000', 'sucette', 'sucette.png', '1900-01-01 00:00:00.000000', 6, NULL, NULL, NULL),
(215, '1900-01-01 00:00:00.000000', 'viande', 'viande.png', '1900-01-01 00:00:00.000000', 6, NULL, NULL, NULL),
(216, '1900-01-01 00:00:00.000000', 'yaourt', 'yaourt.png', '1900-01-01 00:00:00.000000', 6, NULL, NULL, NULL),
(217, '1900-01-01 00:00:00.000000', 'bonbon', 'bonbon.png', '1900-01-01 00:00:00.000000', 6, NULL, NULL, NULL),
(218, '1900-01-01 00:00:00.000000', 'un', 'un.png', '1900-01-01 00:00:00.000000', 8, NULL, NULL, NULL),
(219, '1900-01-01 00:00:00.000000', 'deux', 'deux.png', '1900-01-01 00:00:00.000000', 8, NULL, NULL, NULL),
(220, '1900-01-01 00:00:00.000000', 'trois', 'trois.png', '1900-01-01 00:00:00.000000', 8, NULL, NULL, NULL),
(221, '1900-01-01 00:00:00.000000', 'quatre', 'quatre.png', '1900-01-01 00:00:00.000000', 8, NULL, NULL, NULL),
(222, '1900-01-01 00:00:00.000000', 'cinq', 'cinq.png', '1900-01-01 00:00:00.000000', 8, NULL, NULL, NULL),
(223, '1900-01-01 00:00:00.000000', 'six', 'six.png', '1900-01-01 00:00:00.000000', 8, NULL, NULL, NULL),
(224, '1900-01-01 00:00:00.000000', 'sept', 'sept.png', '1900-01-01 00:00:00.000000', 8, NULL, NULL, NULL),
(225, '1900-01-01 00:00:00.000000', 'huit', 'huit.png', '1900-01-01 00:00:00.000000', 8, NULL, NULL, NULL),
(226, '1900-01-01 00:00:00.000000', 'neuf', 'neuf.png', '1900-01-01 00:00:00.000000', 8, NULL, NULL, NULL),
(227, '1900-01-01 00:00:00.000000', 'dix', 'dix.png', '1900-01-01 00:00:00.000000', 8, NULL, NULL, NULL),
(228, '1900-01-01 00:00:00.000000', 'zéro', 'zero.png', '1900-01-01 00:00:00.000000', 8, NULL, NULL, NULL),
(229, '1900-01-01 00:00:00.000000', 'bouche', 'bouche.png', '1900-01-01 00:00:00.000000', 9, NULL, NULL, NULL),
(230, '1900-01-01 00:00:00.000000', 'main', 'mains.png', '1900-01-01 00:00:00.000000', 9, NULL, NULL, NULL),
(231, '1900-01-01 00:00:00.000000', 'nez', 'nez.png', '1900-01-01 00:00:00.000000', 9, 28, NULL, NULL),
(232, '1900-01-01 00:00:00.000000', 'pied', 'pieds.png', '1900-01-01 00:00:00.000000', 9, NULL, NULL, NULL),
(233, '1900-01-01 00:00:00.000000', 'oreille', 'oreille.png', '1900-01-01 00:00:00.000000', 9, NULL, NULL, NULL),
(234, '1900-01-01 00:00:00.000000', 'bras', 'bras.png', '1900-01-01 00:00:00.000000', 9, NULL, NULL, NULL),
(235, '1900-01-01 00:00:00.000000', 'cheveu', 'cheveux.png', '1900-01-01 00:00:00.000000', 9, 35, NULL, NULL),
(236, '1900-01-01 00:00:00.000000', 'cou', 'cou.png', '1900-01-01 00:00:00.000000', 9, NULL, NULL, NULL),
(237, '1900-01-01 00:00:00.000000', 'dent', 'dents.png', '1900-01-01 00:00:00.000000', 9, NULL, NULL, NULL),
(238, '1900-01-01 00:00:00.000000', 'orteil', 'orteils.png', '1900-01-01 00:00:00.000000', 9, NULL, NULL, NULL),
(239, '1900-01-01 00:00:00.000000', 'doigt', 'doigts.png', '1900-01-01 00:00:00.000000', 9, NULL, NULL, NULL),
(240, '1900-01-01 00:00:00.000000', 'dos', 'dos.png', '1900-01-01 00:00:00.000000', 9, NULL, NULL, NULL),
(241, '1900-01-01 00:00:00.000000', 'fesse', 'fesses.png', '1900-01-01 00:00:00.000000', 9, NULL, NULL, NULL),
(242, '1900-01-01 00:00:00.000000', 'jambe', 'jambe.png', '1900-01-01 00:00:00.000000', 9, NULL, NULL, NULL),
(243, '1900-01-01 00:00:00.000000', 'langue', 'langue.png', '1900-01-01 00:00:00.000000', 9, NULL, NULL, NULL),
(244, '1900-01-01 00:00:00.000000', 'nombril', 'nombril.png', '1900-01-01 00:00:00.000000', 9, NULL, NULL, NULL),
(245, '1900-01-01 00:00:00.000000', 'nuque', 'nuque.png', '1900-01-01 00:00:00.000000', 9, NULL, NULL, NULL),
(246, '1900-01-01 00:00:00.000000', 'poitrine', 'poitrine.png', '1900-01-01 00:00:00.000000', 9, NULL, NULL, NULL),
(247, '1900-01-01 00:00:00.000000', 'tête', 'tete.png', '1900-01-01 00:00:00.000000', 9, NULL, NULL, NULL),
(248, '1900-01-01 00:00:00.000000', 'ventre', 'ventre.png', '1900-01-01 00:00:00.000000', 9, NULL, NULL, NULL),
(249, '1900-01-01 00:00:00.000000', 'oeil', 'yeux.png', '1900-01-01 00:00:00.000000', 9, 36, NULL, NULL),
(250, '1900-01-01 00:00:00.000000', 'blanc', 'blanc.png', '1900-01-01 00:00:00.000000', 10, NULL, NULL, NULL),
(251, '1900-01-01 00:00:00.000000', 'bleu', 'bleu.png', '1900-01-01 00:00:00.000000', 10, NULL, NULL, NULL),
(252, '1900-01-01 00:00:00.000000', 'rouge', 'rouge.png', '1900-01-01 00:00:00.000000', 10, NULL, NULL, NULL),
(253, '1900-01-01 00:00:00.000000', 'vert', 'vert.png', '1900-01-01 00:00:00.000000', 10, NULL, NULL, NULL),
(254, '1900-01-01 00:00:00.000000', 'rose', 'rose.png', '1900-01-01 00:00:00.000000', 10, NULL, NULL, NULL),
(255, '1900-01-01 00:00:00.000000', 'gris', 'gris.png', '1900-01-01 00:00:00.000000', 10, NULL, NULL, NULL),
(256, '1900-01-01 00:00:00.000000', 'jaune', 'jaune.png', '1900-01-01 00:00:00.000000', 10, NULL, NULL, NULL),
(257, '1900-01-01 00:00:00.000000', 'marron', 'marron.png', '1900-01-01 00:00:00.000000', 10, NULL, NULL, NULL),
(258, '1900-01-01 00:00:00.000000', 'noir', 'noir.png', '1900-01-01 00:00:00.000000', 10, NULL, NULL, NULL),
(259, '1900-01-01 00:00:00.000000', 'à la', 'aLa.png', '1900-01-01 00:00:00.000000', 11, NULL, NULL, 9),
(260, '1900-01-01 00:00:00.000000', 'à', 'a.png', '1900-01-01 00:00:00.000000', 11, NULL, NULL, 9),
(261, '1900-01-01 00:00:00.000000', 'aux', 'aux1.png', '1900-01-01 00:00:00.000000', 11, NULL, NULL, 9),
(262, '1900-01-01 00:00:00.000000', 'avec', 'avec.png', '1900-01-01 00:00:00.000000', 11, NULL, NULL, 9),
(263, '1900-01-01 00:00:00.000000', 'ce', 'ce.png', '1900-01-01 00:00:00.000000', 11, NULL, NULL, 10),
(264, '1900-01-01 00:00:00.000000', 'ces', 'ces.png', '1900-01-01 00:00:00.000000', 11, NULL, NULL, 10),
(265, '1900-01-01 00:00:00.000000', 'cet', 'cet.png', '1900-01-01 00:00:00.000000', 11, NULL, NULL, 10),
(266, '1900-01-01 00:00:00.000000', 'cette', 'cette.png', '1900-01-01 00:55:17.000000', 11, NULL, NULL, 10),
(267, '1900-01-01 00:00:00.000000', 'chez', 'chez.png', '1900-01-01 00:00:00.000000', 11, NULL, NULL, 10),
(268, '1900-01-01 00:00:00.000000', 'de', 'de.png', '1900-01-01 00:00:00.000000', 11, NULL, NULL, 11),
(269, '1900-01-01 00:00:00.000000', 'des', 'des.png', '1900-01-01 00:00:00.000000', 11, NULL, NULL, 11),
(270, '1900-01-01 00:00:00.000000', 'dans', 'dans.png', '1900-01-01 00:00:00.000000', 11, NULL, NULL, 11),
(271, '1900-01-01 00:00:00.000000', 'du', 'du.png', '1900-01-01 00:00:00.000000', 11, NULL, NULL, 11),
(272, '1900-01-01 00:00:00.000000', 'et', 'et.png', '1900-01-01 00:00:00.000000', 11, NULL, NULL, 12),
(273, '1900-01-01 00:00:00.000000', 'leur', 'leur.png', '1900-01-01 00:00:00.000000', 11, NULL, NULL, 13),
(274, '1900-01-01 00:00:00.000000', 'leurs', 'leurs.png', '1900-01-01 00:00:00.000000', 11, NULL, NULL, 13),
(275, '1900-01-01 00:00:00.000000', 'les', 'les.png', '1900-01-01 00:00:00.000000', 11, NULL, NULL, 13),
(276, '1900-01-01 00:00:00.000000', 'l\'', 'l.png', '1900-01-01 00:00:00.000000', 11, NULL, NULL, 13),
(277, '1900-01-01 00:00:00.000000', 'mon', 'mon.png', '1900-01-01 00:56:59.000000', 11, NULL, NULL, 14),
(278, '1900-01-01 00:00:00.000000', 'ma', 'ma.png', '1900-01-01 00:00:00.000000', 11, NULL, NULL, 14),
(279, '1900-01-01 00:00:00.000000', 'mes', 'mes.png', '1900-01-01 00:00:00.000000', 11, NULL, NULL, 14),
(280, '1900-01-01 00:00:00.000000', 'mien', 'mien.png', '1900-01-01 00:00:00.000000', 11, NULL, NULL, 14),
(281, '1900-01-01 00:00:00.000000', 'mienne', 'mienne.png', '1900-01-01 00:00:00.000000', 11, NULL, NULL, 14),
(282, '1900-01-01 00:00:00.000000', 'miennes', 'miennes.png', '1900-01-01 00:00:00.000000', 11, NULL, NULL, 14),
(283, '1900-01-01 00:00:00.000000', 'nos', 'nos.png', '1900-01-01 00:00:00.000000', 11, NULL, NULL, 15),
(284, '1900-01-01 00:00:00.000000', 'notre', 'notre.png', '1900-01-01 00:00:00.000000', 11, NULL, NULL, 15),
(285, '1900-01-01 00:00:00.000000', 'sa', 'sa.png', '1900-01-01 00:00:00.000000', 11, NULL, NULL, 16),
(286, '1900-01-01 00:00:00.000000', 'ses', 'ses.png', '1900-01-01 00:00:00.000000', 11, NULL, NULL, 16),
(287, '1900-01-01 00:00:00.000000', 'son', 'son.png', '1900-01-01 00:00:00.000000', 11, NULL, NULL, 16),
(288, '1900-01-01 00:00:00.000000', 'sien', 'sien.png', '1900-01-01 00:00:00.000000', 11, NULL, NULL, 16),
(289, '1900-01-01 00:00:00.000000', 'sienne', 'sienne.png', '1900-01-01 00:00:00.000000', 11, NULL, NULL, 16),
(290, '1900-01-01 00:00:00.000000', 'siennes', 'siennes.png', '1900-01-01 00:00:00.000000', 11, NULL, NULL, 16),
(291, '1900-01-01 00:00:00.000000', 'ta', 'ta.png', '1900-01-01 00:00:00.000000', 11, NULL, NULL, 17),
(292, '1900-01-01 00:00:00.000000', 'tes', 'tes.png', '1900-01-01 00:00:00.000000', 11, NULL, NULL, 17),
(293, '1900-01-01 00:00:00.000000', 'tien', 'tien.png', '1900-01-01 00:00:00.000000', 11, NULL, NULL, 17),
(294, '1900-01-01 00:00:00.000000', 'tienne', 'tienne.png', '1900-01-01 00:00:00.000000', 11, NULL, NULL, 17),
(295, '1900-01-01 00:00:00.000000', 'tiennes', 'tiennes.png', '1900-01-01 00:00:00.000000', 11, NULL, NULL, 17),
(296, '1900-01-01 00:00:00.000000', 'ton', 'ton.png', '1900-01-01 00:00:00.000000', 11, NULL, NULL, 17),
(297, '1900-01-01 00:00:00.000000', 'un', 'un1.png', '1900-01-01 00:00:00.000000', 11, NULL, NULL, 18),
(298, '1900-01-01 00:00:00.000000', 'une', 'une.png', '1900-01-01 00:00:00.000000', 11, NULL, NULL, 18),
(299, '1900-01-01 00:00:00.000000', 'vos', 'vos.png', '1900-01-01 00:00:00.000000', 11, NULL, NULL, 19),
(300, '1900-01-01 00:00:00.000000', 'votre', 'votre.png', '1900-01-01 00:00:00.000000', 11, NULL, NULL, 19),
(301, '1900-01-01 00:00:00.000000', 'colère', 'colere.png', '1900-01-01 00:00:00.000000', 12, NULL, NULL, NULL),
(302, '1900-01-01 00:00:00.000000', 'curieux', 'curieux.png', '1900-01-01 00:00:00.000000', 12, 37, NULL, NULL),
(303, '1900-01-01 00:00:00.000000', 'inquiet', 'inquiet.png', '1900-01-01 00:00:00.000000', 12, 38, NULL, NULL),
(304, '1900-01-01 00:00:00.000000', 'joyeux', 'joyeux.png', '1900-01-01 00:00:00.000000', 12, 39, NULL, NULL),
(305, '1900-01-01 00:00:00.000000', 'peur', 'peur.png', '1900-01-01 00:00:00.000000', 12, NULL, NULL, NULL),
(306, '1900-01-01 00:00:00.000000', 'amoureux', 'amoureux.png', '1900-01-01 00:00:00.000000', 12, 40, NULL, NULL),
(307, '1900-01-01 00:00:00.000000', 'confus', 'confus.png', '1900-01-01 00:00:00.000000', 12, NULL, NULL, NULL),
(308, '1900-01-01 00:00:00.000000', 'content', 'content.png', '1900-01-01 00:00:00.000000', 12, NULL, NULL, NULL),
(309, '1900-01-01 00:00:00.000000', 'distrait', 'distrait.png', '1900-01-01 00:00:00.000000', 12, NULL, NULL, NULL),
(310, '1900-01-01 00:00:00.000000', 'ennuyeux', 'ennuyeux.png', '1900-01-01 00:00:00.000000', 12, NULL, NULL, NULL),
(311, '1900-01-01 00:00:00.000000', 'fatigué', 'fatigue.png', '1900-01-01 00:00:00.000000', 12, NULL, NULL, NULL),
(312, '1900-01-01 00:00:00.000000', 'honte', 'honte.png', '1900-01-01 00:00:00.000000', 12, NULL, NULL, NULL),
(313, '1900-01-01 00:00:00.000000', 'surpris', 'surpris.png', '1900-01-01 00:00:00.000000', 12, NULL, NULL, NULL),
(314, '1900-01-01 00:00:00.000000', 'timide', 'timide.png', '1900-01-01 00:00:00.000000', 12, NULL, NULL, NULL),
(315, '1900-01-01 00:00:00.000000', 'triste', 'triste.png', '1900-01-01 00:00:00.000000', 12, NULL, NULL, NULL),
(316, '1900-01-01 00:00:00.000000', 'oui', 'oui.gif', '1900-01-01 00:00:00.000000', 13, NULL, NULL, NULL),
(317, '1900-01-01 00:00:00.000000', 'non', 'non.gif', '1900-01-01 00:00:00.000000', 13, NULL, NULL, NULL),
(318, '1900-01-01 00:00:00.000000', 'fatigué', 'fatigue.gif', '1900-01-01 00:00:00.000000', 13, NULL, NULL, NULL),
(319, '1900-01-01 00:00:00.000000', 'faim', 'faim.gif', '1900-01-01 00:00:00.000000', 13, NULL, NULL, NULL),
(320, '1900-01-01 00:00:00.000000', 'peur', 'peur.gif', '1900-01-01 00:00:00.000000', 13, NULL, NULL, NULL),
(321, '1900-01-01 00:00:00.000000', 'jouer', 'jouer.gif', '1900-01-01 00:00:00.000000', 13, NULL, NULL, NULL),
(322, '1900-01-01 00:00:00.000000', 'papa', 'papa.gif', '1900-01-01 00:00:00.000000', 13, NULL, NULL, NULL),
(323, '1900-01-01 00:00:00.000000', 'maman', 'maman.gif', '1900-01-01 00:00:00.000000', 13, NULL, NULL, NULL),
(324, '1900-01-01 00:00:00.000000', 'dormir', 'dormir.gif', '1900-01-01 00:00:00.000000', 13, NULL, NULL, NULL),
(325, '1900-01-01 00:00:00.000000', 'manger', 'manger.gif', '1900-01-01 00:00:00.000000', 13, NULL, NULL, NULL),
(326, '1900-01-01 00:00:00.000000', 'moi', 'moi.gif', '1900-01-01 00:00:00.000000', 13, NULL, NULL, NULL),
(327, '1900-01-01 00:00:00.000000', 'merci', 'merci.gif', '1900-01-01 00:00:00.000000', 13, NULL, NULL, NULL),
(328, '1900-01-01 00:00:00.000000', 'mal', 'mal.gif', '1900-01-01 00:00:00.000000', 13, 41, NULL, NULL),
(329, '1900-01-01 00:00:00.000000', 'froid', 'froid.gif', '1900-01-01 00:00:00.000000', 13, NULL, NULL, NULL),
(330, '1900-01-01 00:00:00.000000', 'content', 'content.gif', '1900-01-01 00:00:00.000000', 13, NULL, NULL, NULL),
(331, '1900-01-01 00:00:00.000000', 'chaud', 'chaud.gif', '1900-01-01 00:00:00.000000', 13, NULL, NULL, NULL),
(332, '1900-01-01 00:00:00.000000', 'bonjour', 'bonjour.gif', '1900-01-01 00:00:00.000000', 13, NULL, NULL, NULL),
(333, '1900-01-01 00:00:00.000000', 'au revoir', 'auRevoir.gif', '1900-01-01 00:00:00.000000', 13, NULL, NULL, NULL),
(334, '1900-01-01 00:00:00.000000', 'se laver', 'seLaver.gif', '1900-01-01 00:00:00.000000', 13, NULL, NULL, NULL),
(335, '1900-01-01 00:00:00.000000', 'travailler', 'travailler.gif', '1900-01-01 00:00:00.000000', 13, NULL, NULL, NULL),
(336, '1900-01-01 00:00:00.000000', 'vouloir', 'vouloir.gif', '1900-01-01 00:00:00.000000', 13, 42, NULL, NULL),
(337, '1900-01-01 00:00:00.000000', 'soif', 'soif.gif', '1900-01-01 00:00:00.000000', 13, NULL, NULL, NULL),
(338, '1900-01-01 00:00:00.000000', 'école', 'ecole.png', '1900-01-01 00:00:00.000000', 14, NULL, NULL, 3),
(339, '1900-01-01 00:00:00.000000', 'cour de récréation', 'courDeRecreation.png', '1900-01-01 00:00:00.000000', 14, 43, NULL, 3),
(340, '1900-01-01 00:00:00.000000', 'cuisine', 'cuisine.png', '1900-01-01 00:00:00.000000', 14, NULL, NULL, 4),
(341, '1900-01-01 00:00:00.000000', 'salle de bain', 'salleDeBain.png', '1900-01-01 00:00:00.000000', 14, 44, NULL, 4),
(342, '1900-01-01 00:00:00.000000', 'chambre à coucher', 'chambreACoucher.png', '1900-01-01 00:00:00.000000', 14, 45, NULL, 4),
(343, '1900-01-01 00:00:00.000000', 'maison', 'maison.png', '1900-01-01 00:00:00.000000', 14, NULL, NULL, 4),
(344, '1900-01-01 00:00:00.000000', 'salon', 'salon.png', '1900-01-01 00:00:00.000000', 14, NULL, NULL, 4),
(345, '1900-01-01 00:00:00.000000', 'jardin', 'jardin.png', '1900-01-01 00:00:00.000000', 14, NULL, NULL, 4),
(346, '1900-01-01 00:00:00.000000', 'boulangerie', 'boulangerie.png', '1900-01-01 00:00:00.000000', 14, NULL, NULL, 5),
(347, '1900-01-01 00:00:00.000000', 'magasin de glaces', 'magasinDeGlaces.png', '1900-01-01 00:00:00.000000', 14, 46, NULL, 5),
(348, '1900-01-01 00:00:00.000000', 'pharmacie', 'pharmacie.png', '1900-01-01 00:00:00.000000', 14, NULL, NULL, 5),
(349, '1900-01-01 00:00:00.000000', 'salon de coiffure', 'salonDeCoiffure.png', '1900-01-01 00:00:00.000000', 14, 47, NULL, 5),
(350, '1900-01-01 00:00:00.000000', 'supermarché', 'supermarche.png', '1900-01-01 00:00:00.000000', 14, NULL, NULL, 5),
(351, '1900-01-01 00:00:00.000000', 'rayon', 'rayons.png', '1900-01-01 00:00:00.000000', 14, NULL, NULL, 5),
(352, '1900-01-01 00:00:00.000000', 'caisse de supermarché', 'caisseDeSupermarche.png', '1900-01-01 00:00:00.000000', 14, 48, NULL, 5),
(353, '1900-01-01 00:00:00.000000', 'hôpital', 'hopital.png', '1900-01-01 00:00:00.000000', 14, 49, NULL, NULL),
(354, '1900-01-01 00:00:00.000000', 'gare', 'gare.png', '1900-01-01 00:00:00.000000', 14, NULL, NULL, NULL),
(355, '1900-01-01 00:00:00.000000', 'cinéma', 'cinema.png', '1900-01-01 00:00:00.000000', 14, NULL, NULL, NULL),
(356, '1900-01-01 00:00:00.000000', 'piscine', 'piscine.png', '1900-01-01 00:00:00.000000', 14, NULL, NULL, NULL),
(357, '1900-01-01 00:00:00.000000', 'ville', 'ville.png', '1900-01-01 00:00:00.000000', 14, NULL, NULL, NULL),
(358, '1900-01-01 00:00:00.000000', 'montagne', 'montagne.png', '1900-01-01 00:00:00.000000', 14, NULL, NULL, NULL),
(359, '1900-01-01 00:00:00.000000', 'parc', 'parc.png', '1900-01-01 00:00:00.000000', 14, NULL, NULL, NULL),
(360, '1900-01-01 00:00:00.000000', 'stade', 'stade.png', '1900-01-01 00:00:00.000000', 14, NULL, NULL, NULL),
(361, '1900-01-01 00:00:00.000000', 'toboggan', 'toboggan.png', '1900-01-01 00:00:00.000000', 14, NULL, NULL, NULL),
(362, '1900-01-01 00:00:00.000000', 'manège', 'manege.png', '1900-01-01 00:00:00.000000', 14, NULL, NULL, NULL),
(363, '1900-01-01 00:00:00.000000', 'aquarium', 'aquarium1.png', '1900-01-01 00:00:00.000000', 14, NULL, NULL, NULL),
(364, '1900-01-01 00:00:00.000000', 'aéroport', 'aeroport.png', '1900-01-01 00:00:00.000000', 14, NULL, NULL, NULL),
(365, '1900-01-01 00:00:00.000000', 'gare routière', 'gareRoutiere.png', '1900-01-01 00:00:00.000000', 14, 50, NULL, NULL),
(366, '1900-01-01 00:00:00.000000', 'quai', 'quai.png', '1900-01-01 00:00:00.000000', 14, NULL, NULL, NULL),
(367, '1900-01-01 00:00:00.000000', 'rue', 'rue.png', '1900-01-01 00:00:00.000000', 14, NULL, NULL, NULL),
(368, '1900-01-01 00:00:00.000000', 'passage piéton', 'passagePietonL.png', '1900-01-01 00:00:00.000000', 14, 51, NULL, NULL),
(369, '1900-01-01 00:00:00.000000', 'où', 'ouL.gif', '1900-01-01 00:00:00.000000', 14, NULL, NULL, NULL),
(370, '1900-01-01 00:00:00.000000', 'soleil', 'soleil.png', '1900-01-01 00:00:00.000000', 15, NULL, NULL, NULL),
(371, '1900-01-01 00:00:00.000000', 'venteux', 'venteux.png', '1900-01-01 00:00:00.000000', 15, NULL, NULL, NULL),
(372, '1900-01-01 00:00:00.000000', 'nuage', 'nuage.png', '1900-01-01 00:00:00.000000', 15, NULL, NULL, NULL),
(373, '1900-01-01 00:00:00.000000', 'pluvieux', 'pluvieux.png', '1900-01-01 00:00:00.000000', 15, NULL, NULL, NULL),
(374, '1900-01-01 00:00:00.000000', 'gelée', 'gelee.png', '1900-01-01 00:00:00.000000', 15, NULL, NULL, NULL),
(375, '1900-01-01 00:00:00.000000', 'arc-en-ciel', 'arcEnCiel.png', '1900-01-01 00:00:00.000000', 15, 52, NULL, NULL),
(376, '1900-01-01 00:00:00.000000', 'brumeux', 'brumeux.png', '1900-01-01 00:00:00.000000', 15, NULL, NULL, NULL),
(377, '1900-01-01 00:00:00.000000', 'éclair', 'eclair.png', '1900-01-01 00:00:00.000000', 15, NULL, NULL, NULL),
(378, '1900-01-01 00:00:00.000000', 'ensoleillé', 'ensoleille.png', '1900-01-01 00:00:00.000000', 15, NULL, NULL, NULL),
(379, '1900-01-01 00:00:00.000000', 'neigeux', 'neigeux.png', '1900-01-01 00:00:00.000000', 15, NULL, NULL, NULL),
(380, '1900-01-01 00:00:00.000000', 'tonnerre', 'tonnerre.png', '1900-01-01 00:00:00.000000', 15, NULL, NULL, NULL),
(381, '1900-01-01 00:00:00.000000', 'nuageux', 'nuageux.png', '1900-01-01 00:00:00.000000', 15, NULL, NULL, NULL),
(382, '1900-01-01 00:00:00.000000', 'orageux', 'orageux.png', '1900-01-01 00:00:00.000000', 15, NULL, NULL, NULL),
(383, '1900-01-01 00:00:00.000000', 'tornade', 'tornade.png', '1900-01-01 00:00:00.000000', 15, NULL, NULL, NULL),
(384, '1900-01-01 00:00:00.000000', 'neige', 'neige.gif', '1900-01-01 00:00:00.000000', 15, NULL, NULL, NULL),
(385, '1900-01-01 00:00:00.000000', 'téléphone portable', 'telephonePortable.png', '1900-01-01 00:00:00.000000', 16, 53, NULL, NULL),
(386, '1900-01-01 00:00:00.000000', 'télévision', 'television.png', '1900-01-01 00:00:00.000000', 16, NULL, NULL, NULL),
(387, '1900-01-01 00:00:00.000000', 'ordinateur', 'ordinateur.png', '1900-01-01 00:00:00.000000', 16, NULL, NULL, NULL),
(388, '1900-01-01 00:00:00.000000', 'ordinateur portable', 'ordinateurPortable.png', '1900-01-01 00:00:00.000000', 16, 54, NULL, NULL),
(389, '1900-01-01 00:00:00.000000', 'console', 'console.png', '1900-01-01 00:00:00.000000', 16, NULL, NULL, NULL),
(390, '1900-01-01 00:00:00.000000', 'couteau', 'couteau.png', '1900-01-01 00:00:00.000000', 17, 55, NULL, 7),
(391, '1900-01-01 00:00:00.000000', 'cuillère', 'cuillere.png', '1900-01-01 00:00:00.000000', 17, NULL, NULL, 7),
(392, '1900-01-01 00:00:00.000000', 'fourchette', 'fourchette.png', '1900-01-01 00:00:00.000000', 17, NULL, NULL, 7),
(393, '1900-01-01 00:00:00.000000', 'casserole', 'casserole.png', '1900-01-01 00:00:00.000000', 17, NULL, NULL, 7),
(394, '2023-05-11 04:02:37.000000', 'conserve', 'conserve.png', '1900-01-01 00:00:00.000000', 17, NULL, NULL, 7),
(395, '1900-01-01 00:00:00.000000', 'couvert', 'couverts.png', '1900-01-01 00:00:00.000000', 17, NULL, NULL, 7),
(396, '1900-01-01 00:00:00.000000', 'réfrigérateur', 'refrigerateur.png', '1900-01-01 00:00:00.000000', 17, NULL, NULL, 7),
(397, '1900-01-01 00:00:00.000000', 'tasse', 'tasse.png', '1900-01-01 00:00:00.000000', 17, NULL, NULL, 7),
(398, '1900-01-01 00:00:00.000000', 'vaisselle', 'vaisselle.png', '1900-01-01 00:00:00.000000', 17, NULL, NULL, 7),
(399, '1900-01-01 00:00:00.000000', 'brosse à dents', 'brosseADents.png', '1900-01-01 00:00:00.000000', 17, 56, NULL, 8),
(400, '1900-01-01 00:00:00.000000', 'serviette de bain', 'servietteDeBain.png', '1900-01-01 00:00:00.000000', 17, 57, NULL, 8),
(401, '1900-01-01 00:00:00.000000', 'affaire de toilette', 'affairesDeToilette.png', '1900-01-01 00:00:00.000000', 17, 58, NULL, 8),
(402, '1900-01-01 00:00:00.000000', 'trousse de toilette', 'trousseDeToilette.png', '1900-01-01 00:00:00.000000', 17, 59, NULL, 8),
(403, '1900-01-01 00:00:00.000000', 'bande dessinée', 'bandeDessinee.png', '1900-01-01 00:00:00.000000', 17, 60, NULL, NULL),
(404, '1900-01-01 00:00:00.000000', 'table', 'table.png', '1900-01-01 00:00:00.000000', 17, NULL, NULL, NULL),
(405, '1900-01-01 00:00:00.000000', 'bibliothèque', 'bibliotheque.png', '1900-01-01 00:00:00.000000', 17, NULL, NULL, NULL),
(406, '1900-01-01 00:00:00.000000', 'balai', 'balai.png', '1900-01-01 00:00:00.000000', 17, NULL, NULL, NULL),
(407, '1900-01-01 00:00:00.000000', 'chaise', 'chaise.png', '1900-01-01 00:00:00.000000', 17, NULL, NULL, NULL),
(408, '1900-01-01 00:00:00.000000', 'ciseaux', 'ciseaux1.png', '1900-01-01 00:00:00.000000', 17, NULL, NULL, NULL),
(409, '1900-01-01 00:00:00.000000', 'coussin', 'coussin.png', '1900-01-01 00:00:00.000000', 17, NULL, NULL, NULL),
(410, '1900-01-01 00:00:00.000000', 'lampe', 'lampe.png', '1900-01-01 00:00:00.000000', 17, NULL, NULL, NULL),
(411, '1900-01-01 00:00:00.000000', 'lit', 'lit.png', '1900-01-01 00:00:00.000000', 17, NULL, NULL, NULL),
(412, '1900-01-01 00:00:00.000000', 'lunettes', 'lunettes.png', '1900-01-01 00:00:00.000000', 17, NULL, NULL, NULL),
(413, '1900-01-01 00:00:00.000000', 'pèse-personne', 'pesePersonne.png', '1900-01-01 00:00:00.000000', 17, NULL, NULL, NULL),
(414, '1900-01-01 00:00:00.000000', 'portefeuille', 'portefeuille.png', '1900-01-01 00:00:00.000000', 17, NULL, NULL, NULL),
(415, '1900-01-01 00:00:00.000000', 'poubelle', 'poubelle.png', '1900-01-01 00:00:00.000000', 17, NULL, NULL, NULL),
(416, '1900-01-01 00:00:00.000000', 'sac à dos', 'sacADos.png', '1900-01-01 00:00:00.000000', 17, 61, NULL, NULL),
(417, '1900-01-01 00:00:00.000000', 'seau', 'seau.png', '1900-01-01 00:00:00.000000', 17, 62, NULL, NULL),
(418, '1900-01-01 00:00:00.000000', 'livre', 'livre.png', '1900-01-01 00:00:00.000000', 17, NULL, NULL, NULL),
(419, '1900-01-01 00:00:00.000000', 'aquarium', 'aquarium.png', '1900-01-01 00:00:00.000000', 17, NULL, NULL, NULL),
(420, '1900-01-01 00:00:00.000000', 'machine à laver', 'machineALaver.png', '1900-01-01 00:00:00.000000', 17, 63, NULL, NULL),
(421, '1900-01-01 00:00:00.000000', 'argent', 'argent.png', '1900-01-01 00:00:00.000000', 17, NULL, NULL, NULL),
(422, '1900-01-01 00:00:00.000000', 'billet', 'billets.png', '1900-01-01 00:00:00.000000', 17, NULL, NULL, NULL),
(423, '1900-01-01 00:00:00.000000', 'caisse enregistreuse', 'caisseEnregistreuse.png', '1900-01-01 00:00:00.000000', 17, 64, NULL, NULL),
(424, '1900-01-01 00:00:00.000000', 'monnaie', 'monnaie.png', '1900-01-01 00:00:00.000000', 17, NULL, NULL, NULL),
(425, '1900-01-01 00:00:00.000000', 'pièce', 'pieces.png', '1900-01-01 00:00:00.000000', 17, NULL, NULL, NULL),
(426, '1900-01-01 00:00:00.000000', 'ticket', 'ticket.png', '1900-01-01 00:00:00.000000', 17, NULL, NULL, NULL),
(427, '1900-01-01 00:00:00.000000', 'cahier', 'cahier.png', '1900-01-01 00:00:00.000000', 18, NULL, NULL, NULL),
(428, '1900-01-01 00:00:00.000000', 'crayon', 'crayon.png', '1900-01-01 00:00:00.000000', 18, NULL, NULL, NULL),
(429, '1900-01-01 00:00:00.000000', 'gomme', 'gomme.png', '1900-01-01 00:00:00.000000', 18, NULL, NULL, NULL),
(430, '1900-01-01 00:00:00.000000', 'règle', 'regle.png', '1900-01-01 00:00:00.000000', 18, NULL, NULL, NULL),
(431, '1900-01-01 00:00:00.000000', 'stylo', 'stylo.png', '1900-01-01 00:00:00.000000', 18, NULL, NULL, NULL),
(432, '1900-01-01 00:00:00.000000', 'compas', 'compas.png', '1900-01-01 00:00:00.000000', 18, NULL, NULL, NULL),
(433, '1900-01-01 00:00:00.000000', 'crayon de couleur', 'crayonsDeCouleurs.png', '1900-01-01 00:00:00.000000', 18, 65, NULL, NULL),
(434, '1900-01-01 00:00:00.000000', 'calculatrice', 'calculatrice.png', '1900-01-01 00:00:00.000000', 18, NULL, NULL, NULL),
(435, '1900-01-01 00:00:00.000000', 'dictionnaire', 'dictionnaire.png', '1900-01-01 00:00:00.000000', 18, NULL, NULL, NULL),
(436, '1900-01-01 00:00:00.000000', 'feutre', 'feutre.png', '1900-01-01 00:00:00.000000', 18, NULL, NULL, NULL),
(437, '1900-01-01 00:00:00.000000', 'papier', 'papier.png', '1900-01-01 00:00:00.000000', 18, NULL, NULL, NULL),
(438, '1900-01-01 00:00:00.000000', 'pinceau', 'pinceau.png', '1900-01-01 00:00:00.000000', 18, NULL, NULL, NULL),
(439, '1900-01-01 00:00:00.000000', 'récréation', 'recreation.png', '1900-01-01 00:00:00.000000', 18, NULL, NULL, NULL),
(440, '1900-01-01 00:00:00.000000', 'scotch', 'scotch.png', '1900-01-01 00:00:00.000000', 18, NULL, NULL, NULL),
(441, '1900-01-01 00:00:00.000000', 'tableau', 'tableau.png', '1900-01-01 00:00:00.000000', 18, 66, NULL, NULL),
(442, '1900-01-01 00:00:00.000000', 'livre', 'livre1.png', '1900-01-01 00:00:00.000000', 18, NULL, NULL, NULL),
(443, '1900-01-01 00:00:00.000000', 'cartable', 'cartable.png', '1900-01-01 00:00:00.000000', 18, NULL, NULL, NULL),
(444, '1900-01-01 00:00:00.000000', 'ambulance', 'ambulance.png', '1900-01-01 00:00:00.000000', 19, NULL, NULL, NULL),
(445, '1900-01-01 00:00:00.000000', 'avion', 'avion.png', '1900-01-01 00:00:00.000000', 19, NULL, NULL, NULL),
(446, '1900-01-01 00:00:00.000000', 'métro', 'metro.png', '1900-01-01 00:00:00.000000', 19, NULL, NULL, NULL),
(447, '1900-01-01 00:00:00.000000', 'taxi', 'taxi.png', '1900-01-01 00:00:00.000000', 19, NULL, NULL, NULL),
(448, '1900-01-01 00:00:00.000000', 'train', 'train.png', '1900-01-01 00:00:00.000000', 19, NULL, NULL, NULL),
(449, '1900-01-01 00:00:00.000000', 'fusée', 'fusee.png', '1900-01-01 00:00:00.000000', 19, NULL, NULL, NULL),
(450, '1900-01-01 00:00:00.000000', 'bateau', 'bateau.png', '1900-01-01 00:00:00.000000', 19, 67, NULL, NULL),
(451, '1900-01-01 00:00:00.000000', 'bus', 'bus.png', '1900-01-01 00:00:00.000000', 19, NULL, NULL, NULL),
(452, '1900-01-01 00:00:00.000000', 'camion de pompiers', 'camionDePompiers.png', '1900-01-01 00:00:00.000000', 19, 68, NULL, NULL),
(453, '1900-01-01 00:00:00.000000', 'camion', 'camion.png', '1900-01-01 00:00:00.000000', 19, NULL, NULL, NULL),
(454, '1900-01-01 00:00:00.000000', 'tricycle', 'tricycle.png', '1900-01-01 00:00:00.000000', 19, NULL, NULL, NULL),
(455, '1900-01-01 00:00:00.000000', 'vélo', 'velo.png', '1900-01-01 00:00:00.000000', 19, NULL, NULL, NULL),
(456, '1900-01-01 00:00:00.000000', 'trottinette', 'trottinette.png', '1900-01-01 00:00:00.000000', 19, NULL, NULL, NULL),
(457, '1900-01-01 00:00:00.000000', 'voiture', 'voiture.png', '1900-01-01 00:00:00.000000', 19, NULL, NULL, NULL);
INSERT INTO `mot` (`id`, `created_at`, `nom`, `picto_file`, `updated_at`, `categorie_id`, `irregulier_id`, `professionnel_id`, `sous_categorie_id`) VALUES
(458, '1900-01-01 00:00:00.000000', 'chaussette', 'chaussettes.png', '1900-01-01 00:00:00.000000', 20, NULL, NULL, NULL),
(459, '1900-01-01 00:00:00.000000', 'chaussure', 'chaussures.png', '1900-01-01 00:00:00.000000', 20, NULL, NULL, NULL),
(460, '1900-01-01 00:00:00.000000', 'manteau', 'manteau.png', '1900-01-01 00:00:00.000000', 20, 69, NULL, NULL),
(461, '1900-01-01 00:00:00.000000', 'pantalon', 'pantalon.png', '1900-01-01 00:00:00.000000', 20, NULL, NULL, NULL),
(462, '1900-01-01 00:00:00.000000', 'tee-shirt', 'teeShirt.png', '1900-01-01 00:00:00.000000', 20, NULL, NULL, NULL),
(463, '1900-01-01 00:00:00.000000', 'chemise', 'chemise.png', '1900-01-01 00:00:00.000000', 20, NULL, NULL, NULL),
(464, '1900-01-01 00:00:00.000000', 'culotte', 'culotte.png', '1900-01-01 00:00:00.000000', 20, NULL, NULL, NULL),
(465, '1900-01-01 00:00:00.000000', 'anorak', 'anorak.png', '1900-01-01 00:00:00.000000', 20, NULL, NULL, NULL),
(466, '1900-01-01 00:00:00.000000', 'ciré', 'cire.png', '1900-01-01 00:00:00.000000', 20, NULL, NULL, NULL),
(467, '1900-01-01 00:00:00.000000', 'collant', 'collant.png', '1900-01-01 00:00:00.000000', 20, NULL, NULL, NULL),
(468, '1900-01-01 00:00:00.000000', 'gant', 'gant.png', '1900-01-01 00:00:00.000000', 20, NULL, NULL, NULL),
(469, '1900-01-01 00:00:00.000000', 'jupe', 'jupe.png', '1900-01-01 00:00:00.000000', 20, NULL, NULL, NULL),
(470, '1900-01-01 00:00:00.000000', 'maillot de bain', 'maillotDeBain.png', '1900-01-01 00:00:00.000000', 20, 70, NULL, NULL),
(471, '1900-01-01 00:00:00.000000', 'moufle', 'moufle.png', '1900-01-01 00:00:00.000000', 20, NULL, NULL, NULL),
(472, '1900-01-01 00:00:00.000000', 'polo', 'polo.png', '1900-01-01 00:00:00.000000', 20, NULL, NULL, NULL),
(473, '1900-01-01 00:00:00.000000', 'pyjama d\'hôpital', 'pyjamaHopital.png', '1900-01-01 00:00:00.000000', 20, 71, NULL, NULL),
(474, '1900-01-01 00:00:00.000000', 'pyjama', 'pyjama.png', '1900-01-01 00:00:00.000000', 20, NULL, NULL, NULL),
(475, '1900-01-01 00:00:00.000000', 'robe', 'robe.png', '1900-01-01 00:00:00.000000', 20, NULL, NULL, NULL),
(476, '1900-01-01 00:00:00.000000', 'short', 'short.png', '1900-01-01 00:00:00.000000', 20, NULL, NULL, NULL),
(477, '1900-01-01 00:00:00.000000', 'slip', 'slip.png', '1900-01-01 00:00:00.000000', 20, NULL, NULL, NULL),
(478, '1900-01-01 00:00:00.000000', 'sweat-shirt', 'sweatShirt.png', '1900-01-01 00:00:00.000000', 20, NULL, NULL, NULL),
(479, '1900-01-01 00:00:00.000000', 'veste', 'veste.png', '1900-01-01 00:00:00.000000', 20, NULL, NULL, NULL),
(480, '1900-01-01 00:00:00.000000', 'à côté', 'aCote.png', '1900-01-01 00:00:00.000000', 21, NULL, NULL, NULL),
(481, '1900-01-01 00:00:00.000000', 'sous', 'sous.png', '1900-01-01 00:00:00.000000', 21, NULL, NULL, NULL),
(482, '1900-01-01 00:00:00.000000', 'sur', 'sur.png', '1900-01-01 00:00:00.000000', 21, NULL, NULL, NULL),
(483, '1900-01-01 00:00:00.000000', 'devant', 'devant.png', '1900-01-01 00:00:00.000000', 21, NULL, NULL, NULL),
(484, '1900-01-01 00:00:00.000000', 'derrière', 'derriere.png', '1900-01-01 00:00:00.000000', 21, NULL, NULL, NULL),
(485, '1900-01-01 00:00:00.000000', 'au revoir', 'auRevoir.png', '1900-01-01 00:00:00.000000', 22, NULL, NULL, NULL),
(486, '1900-01-01 00:00:00.000000', 'bonjour', 'bonjour.png', '1900-01-01 00:00:00.000000', 22, NULL, NULL, NULL),
(487, '1900-01-01 00:00:00.000000', 'merci', 'merci.png', '1900-01-01 00:00:00.000000', 22, NULL, NULL, NULL),
(488, '1900-01-01 00:00:00.000000', 'oui', 'oui.png', '1900-01-01 00:00:00.000000', 22, NULL, NULL, NULL),
(489, '1900-01-01 00:00:00.000000', 'non', 'non.png', '1900-01-01 00:00:00.000000', 22, NULL, NULL, NULL),
(490, '1900-01-01 00:00:00.000000', 'carré', 'carre.png', '1900-01-01 00:00:00.000000', 23, NULL, NULL, NULL),
(491, '1900-01-01 00:00:00.000000', 'cercle', 'cercle.png', '1900-01-01 00:00:00.000000', 23, NULL, NULL, NULL),
(492, '1900-01-01 00:00:00.000000', 'coeur', 'coeur.png', '1900-01-01 00:00:00.000000', 23, NULL, NULL, NULL),
(493, '1900-01-01 00:00:00.000000', 'ovale', 'ovale.png', '1900-01-01 00:00:00.000000', 23, NULL, NULL, NULL),
(494, '1900-01-01 00:00:00.000000', 'rectangle', 'rectangle.png', '1900-01-01 00:00:00.000000', 23, NULL, NULL, NULL),
(495, '1900-01-01 00:00:00.000000', 'triangle', 'triangle.png', '1900-01-01 00:00:00.000000', 23, NULL, NULL, NULL),
(496, '1900-01-01 00:00:00.000000', 'football', 'football.png', '1900-01-01 00:00:00.000000', 24, NULL, NULL, NULL),
(497, '1900-01-01 00:00:00.000000', 'cyclisme', 'cyclisme.png', '1900-01-01 00:00:00.000000', 24, NULL, NULL, NULL),
(498, '1900-01-01 00:00:00.000000', 'basket-ball', 'basket-ball.png', '1900-01-01 00:00:00.000000', 24, NULL, NULL, NULL),
(499, '1900-01-01 00:00:00.000000', 'course à pied', 'courseAPied.png', '1900-01-01 00:00:00.000000', 24, 72, NULL, NULL),
(500, '1900-01-01 00:00:00.000000', 'karaté', 'karate.png', '1900-01-01 00:00:00.000000', 24, NULL, NULL, NULL),
(501, '1900-01-01 00:00:00.000000', 'natation', 'natation.png', '1900-01-01 00:00:00.000000', 24, NULL, NULL, NULL),
(502, '1900-01-01 00:00:00.000000', 'escalade', 'escalade.png', '1900-01-01 00:00:00.000000', 24, NULL, NULL, NULL),
(503, '1900-01-01 00:00:00.000000', 'équitation', 'equitation.png', '1900-01-01 00:00:00.000000', 24, NULL, NULL, NULL),
(504, '1900-01-01 00:00:00.000000', 'ping-pong', 'ping-pong.png', '1900-01-01 00:00:00.000000', 24, NULL, NULL, NULL),
(505, '1900-01-01 00:00:00.000000', 'patinage', 'patinage.png', '1900-01-01 00:00:00.000000', 24, NULL, NULL, NULL),
(506, '1900-01-01 00:00:00.000000', 'jeu vidéo', 'jeuVidéo.png', '1900-01-01 00:00:00.000000', 24, 73, NULL, NULL),
(507, '1900-01-01 00:00:00.000000', 'tennis', 'tennis.png', '1900-01-01 00:00:00.000000', 24, NULL, NULL, NULL),
(508, '2023-05-01 00:00:00.000000', 'volley-ball', 'volley-ball.png', '2023-05-01 00:00:00.000000', 24, NULL, NULL, NULL),
(509, '2023-05-01 00:00:00.000000', 'bowling', 'bowling.png', '2023-05-01 00:00:00.000000', 24, NULL, NULL, NULL),
(510, '2023-05-01 00:00:00.000000', 'feu vert', 'feuVert.png', '2023-05-01 00:00:00.000000', 25, 74, NULL, NULL),
(511, '2023-05-01 00:00:00.000000', 'feu rouge', 'feuRouge.png', '2023-05-01 00:00:00.000000', 25, 75, NULL, NULL),
(512, '2023-05-01 00:00:00.000000', 'passage piéton', 'passagePieton.png', '2023-05-01 00:00:00.000000', 25, 76, NULL, NULL),
(513, '2023-05-01 00:00:00.000000', 'passage autorisé', 'passageAutorise.png', '2023-05-01 00:00:00.000000', 25, 77, NULL, NULL),
(514, '2023-05-01 00:00:00.000000', 'passage non autorisé', 'passageNonAutorise.png', '2023-05-01 00:00:00.000000', 25, 78, NULL, NULL),
(515, '2023-05-01 00:00:00.000000', 'interdit aux piétons', 'interditAuxPietons.png', '2023-05-01 00:00:00.000000', 25, 79, NULL, NULL),
(516, '2023-05-01 00:00:00.000000', 'ballon', 'ballon.png', '2023-05-01 00:00:00.000000', 26, NULL, NULL, NULL),
(517, '2023-05-01 00:00:00.000000', 'camion', 'camionJouet.png', '2023-05-01 00:00:00.000000', 26, NULL, NULL, NULL),
(518, '2023-05-01 00:00:00.000000', 'robot', 'robot.png', '2023-05-01 00:00:00.000000', 26, NULL, NULL, NULL),
(519, '2023-05-01 00:00:00.000000', 'jeu vidéo', 'jeuVidéoJouet.png', '2023-05-01 00:00:00.000000', 26, 80, NULL, NULL),
(520, '2023-05-01 00:00:00.000000', 'figurine', 'figurine.png', '2023-05-01 00:00:00.000000', 26, NULL, NULL, NULL),
(521, '2023-05-01 00:00:00.000000', 'puzzle', 'puzzle.png', '2023-05-01 00:00:00.000000', 26, NULL, NULL, NULL),
(522, '2023-05-01 00:00:00.000000', 'poupée', 'poupee.png', '2023-05-11 00:00:00.000000', 26, NULL, NULL, NULL),
(523, '2023-05-01 00:00:00.000000', 'corde à sauter', 'cordeASauter.png', '2023-05-11 00:00:00.000000', 26, 81, NULL, NULL),
(524, '2023-05-01 00:00:00.000000', 'maison de poupée', 'maisonDePoupee.png', '2023-05-01 00:00:00.000000', 26, 82, NULL, NULL),
(525, '2023-05-01 00:00:00.000000', 'vélo', 'veloJouet.png', '2023-05-01 00:00:00.000000', 26, NULL, NULL, NULL),
(526, '2023-05-01 00:00:00.000000', 'voiture', 'voitureJouet.png', '2023-05-01 00:00:00.000000', 26, NULL, NULL, NULL),
(527, '2023-05-01 00:00:00.000000', 'pistolet à eau', 'pistoletAEau.png', '2023-05-01 00:00:00.000000', 26, 83, NULL, NULL),
(528, '2023-05-01 00:00:00.000000', 'dinette', 'dinette.png', '2023-05-01 00:00:00.000000', 26, NULL, NULL, NULL),
(529, '2023-05-01 00:00:00.000000', 'toupie', 'toupie.png', '2023-05-01 00:00:00.000000', 26, NULL, NULL, NULL),
(530, '2023-05-01 00:00:00.000000', 'baby-foot', 'babyfoot.png', '2023-05-01 00:00:00.000000', 26, NULL, NULL, NULL),
(531, '2023-05-01 00:00:00.000000', 'train', 'trainJouet.png', '2023-05-11 00:00:00.000000', 26, NULL, NULL, NULL),
(532, '2023-05-01 00:00:00.000000', 'jeu de société', 'jeuDeSociéte.png', '2023-05-11 00:00:00.000000', 26, 84, NULL, NULL),
(533, '2023-05-01 00:00:00.000000', 'bateau', 'bateauJouet.png', '2023-05-01 00:00:00.000000', 26, 85, NULL, NULL);

-- --------------------------------------------------------

--
-- Structure de la table `mot_phrase`
--

DROP TABLE IF EXISTS `mot_phrase`;
CREATE TABLE IF NOT EXISTS `mot_phrase` (
  `mot_id` int NOT NULL,
  `phrase_id` int NOT NULL,
  KEY `FK3oigfwcycptjxqu9qhj0ygqny` (`phrase_id`),
  KEY `FKc7hw2o15td2yja1hab0nam2bh` (`mot_id`)
) ENGINE=InnoDB DEFAULT CHARSET=utf8mb4 COLLATE=utf8mb4_general_ci;

-- --------------------------------------------------------

--
-- Structure de la table `mot_tag`
--

DROP TABLE IF EXISTS `mot_tag`;
CREATE TABLE IF NOT EXISTS `mot_tag` (
  `mot_id` int NOT NULL,
  `tag_id` int NOT NULL,
  KEY `FKpsq42sd7ynu20r6pqilwb6jlk` (`tag_id`),
  KEY `FKdnu32yto9hq7a3895390f3jsb` (`mot_id`)
) ENGINE=InnoDB DEFAULT CHARSET=utf8mb4 COLLATE=utf8mb4_general_ci;

--
-- Déchargement des données de la table `mot_tag`
--

INSERT INTO `mot_tag` (`mot_id`, `tag_id`) VALUES
(2, 2),
(2, 9),
(3, 2),
(3, 9),
(3, 11),
(4, 2),
(4, 9),
(4, 12),
(5, 2),
(5, 10),
(6, 2),
(6, 10),
(7, 2),
(7, 10),
(7, 11),
(8, 2),
(8, 10),
(8, 12),
(9, 2),
(9, 9),
(10, 2),
(10, 10),
(10, 11),
(11, 1),
(11, 13),
(11, 14),
(12, 1),
(12, 7),
(12, 14),
(13, 1),
(13, 13),
(13, 14),
(14, 1),
(14, 7),
(14, 14),
(15, 1),
(15, 13),
(15, 15),
(16, 1),
(16, 13),
(16, 14),
(17, 1),
(17, 13),
(17, 15),
(18, 1),
(18, 7),
(18, 14),
(19, 1),
(19, 13),
(19, 14),
(20, 1),
(20, 13),
(20, 15),
(21, 1),
(21, 7),
(21, 14),
(22, 1),
(22, 7),
(22, 14),
(23, 1),
(23, 13),
(23, 14),
(24, 1),
(24, 13),
(24, 14),
(25, 1),
(25, 7),
(25, 14),
(26, 1),
(26, 7),
(26, 14),
(27, 1),
(27, 7),
(27, 14),
(28, 1),
(28, 7),
(28, 14),
(29, 1),
(29, 13),
(29, 14),
(30, 1),
(30, 7),
(30, 14),
(31, 1),
(31, 7),
(31, 15),
(32, 1),
(32, 7),
(32, 14),
(33, 1),
(33, 13),
(33, 14),
(34, 1),
(34, 7),
(34, 14),
(35, 1),
(35, 8),
(35, 14),
(36, 1),
(36, 7),
(36, 14),
(37, 1),
(37, 7),
(37, 15),
(38, 1),
(38, 8),
(38, 14),
(39, 1),
(39, 7),
(39, 15),
(40, 1),
(40, 7),
(40, 14),
(41, 1),
(41, 7),
(41, 14),
(42, 1),
(42, 13),
(42, 14),
(43, 1),
(43, 7),
(43, 14),
(44, 1),
(44, 7),
(44, 14),
(45, 1),
(45, 13),
(45, 14),
(46, 1),
(46, 7),
(46, 14),
(47, 1),
(47, 13),
(47, 14),
(48, 1),
(48, 7),
(48, 14),
(49, 1),
(49, 7),
(49, 14),
(50, 1),
(50, 7),
(50, 14),
(51, 1),
(51, 13),
(51, 14),
(52, 1),
(52, 7),
(52, 14),
(53, 2),
(53, 9),
(53, 11),
(54, 2),
(54, 9),
(54, 12),
(55, 3),
(55, 12),
(56, 3),
(56, 11),
(57, 3),
(57, 12),
(58, 3),
(58, 11),
(59, 3),
(59, 11),
(60, 3),
(61, 3),
(61, 11),
(62, 3),
(63, 3),
(64, 3),
(64, 12),
(65, 3),
(65, 11),
(66, 3),
(66, 11),
(67, 3),
(67, 12),
(68, 3),
(68, 11),
(69, 3),
(69, 11),
(70, 3),
(70, 12),
(71, 3),
(71, 11),
(72, 3),
(72, 11),
(73, 3),
(73, 11),
(74, 3),
(74, 11),
(75, 3),
(75, 11),
(76, 3),
(76, 12),
(77, 3),
(78, 3),
(79, 3),
(79, 12),
(80, 3),
(80, 12),
(81, 4),
(82, 1),
(82, 7),
(82, 14),
(83, 1),
(83, 7),
(83, 14),
(84, 1),
(84, 7),
(84, 14),
(85, 1),
(85, 7),
(85, 14),
(86, 1),
(86, 7),
(86, 14),
(88, 1),
(88, 7),
(88, 14),
(89, 1),
(89, 13),
(89, 14),
(90, 1),
(90, 7),
(90, 14),
(91, 3),
(91, 11),
(92, 4),
(93, 4),
(94, 4),
(95, 4),
(96, 4),
(97, 4),
(99, 4),
(101, 4),
(102, 4),
(103, 4),
(104, 4),
(105, 4),
(106, 4),
(107, 4),
(108, 4),
(109, 4),
(110, 4),
(111, 4),
(112, 4),
(113, 4),
(114, 4),
(115, 4),
(116, 4),
(118, 4),
(119, 4),
(117, 4),
(120, 3),
(120, 12),
(120, 13),
(123, 3),
(123, 11),
(125, 3),
(125, 11),
(128, 3),
(128, 11),
(129, 3),
(129, 12),
(130, 3),
(130, 12),
(131, 3),
(131, 12),
(132, 3),
(132, 12),
(133, 3),
(133, 12),
(134, 3),
(134, 12),
(135, 3),
(135, 11),
(136, 3),
(136, 12),
(137, 3),
(137, 11),
(138, 3),
(138, 12),
(139, 3),
(139, 11),
(139, 13),
(140, 3),
(140, 11),
(141, 3),
(141, 11),
(144, 3),
(144, 11),
(147, 3),
(147, 12),
(147, 13),
(148, 3),
(148, 11),
(146, 3),
(146, 12),
(146, 13),
(150, 3),
(150, 12),
(151, 3),
(151, 12),
(153, 3),
(153, 11),
(154, 3),
(154, 12),
(156, 3),
(156, 12),
(157, 3),
(157, 12),
(158, 3),
(158, 11),
(159, 3),
(159, 11),
(160, 3),
(160, 11),
(161, 3),
(161, 11),
(161, 13),
(163, 3),
(163, 11),
(164, 3),
(164, 11),
(164, 13),
(165, 3),
(165, 11),
(166, 3),
(166, 11),
(167, 3),
(167, 11),
(168, 3),
(168, 11),
(169, 3),
(169, 11),
(170, 3),
(170, 11),
(171, 3),
(171, 12),
(172, 3),
(172, 11),
(173, 3),
(173, 11),
(174, 3),
(174, 11),
(175, 3),
(175, 12),
(176, 3),
(176, 11),
(177, 3),
(177, 12),
(178, 3),
(178, 12),
(179, 3),
(179, 11),
(180, 3),
(180, 12),
(181, 3),
(181, 12),
(182, 3),
(182, 12),
(162, 3),
(162, 11),
(184, 3),
(184, 11),
(186, 3),
(186, 12),
(187, 3),
(187, 11),
(187, 13),
(188, 3),
(188, 11),
(192, 3),
(192, 12),
(193, 3),
(193, 11),
(195, 3),
(195, 12),
(196, 3),
(196, 11),
(197, 3),
(197, 11),
(198, 3),
(198, 11),
(199, 3),
(199, 11),
(200, 3),
(200, 12),
(202, 3),
(202, 11),
(208, 3),
(208, 11),
(203, 3),
(203, 11),
(203, 13),
(121, 3),
(121, 11),
(209, 3),
(209, 11),
(210, 3),
(210, 11),
(211, 3),
(211, 11),
(212, 3),
(212, 12),
(212, 13),
(213, 3),
(213, 11),
(214, 3),
(214, 12),
(215, 3),
(215, 12),
(217, 3),
(217, 11),
(216, 3),
(216, 11),
(229, 3),
(229, 12),
(231, 3),
(231, 11),
(231, 13),
(230, 3),
(230, 12),
(232, 3),
(232, 11),
(185, 3),
(185, 11),
(185, 13),
(201, 3),
(201, 11),
(142, 3),
(142, 12),
(145, 3),
(145, 12),
(143, 3),
(143, 11),
(143, 13),
(149, 3),
(149, 12),
(152, 3),
(152, 11),
(152, 13),
(155, 3),
(155, 11),
(155, 13),
(127, 3),
(127, 11),
(127, 13),
(124, 3),
(124, 11),
(124, 13),
(122, 3),
(122, 11),
(122, 13),
(126, 3),
(126, 12),
(126, 13),
(233, 3),
(233, 12),
(234, 3),
(234, 11),
(235, 3),
(235, 11),
(235, 13),
(236, 3),
(236, 11),
(237, 3),
(237, 12),
(238, 3),
(238, 11),
(239, 3),
(239, 11),
(240, 3),
(240, 11),
(241, 3),
(241, 12),
(242, 3),
(242, 12),
(243, 3),
(243, 12),
(244, 3),
(244, 11),
(245, 3),
(245, 12),
(246, 3),
(246, 12),
(247, 3),
(247, 12),
(248, 3),
(248, 11),
(249, 3),
(249, 11),
(249, 13),
(194, 3),
(194, 12),
(183, 3),
(183, 12),
(250, 4),
(251, 4),
(252, 4),
(253, 4),
(254, 4),
(255, 4),
(256, 4),
(257, 4),
(258, 4),
(262, 6),
(263, 2),
(263, 9),
(263, 11),
(264, 2),
(264, 10),
(265, 2),
(265, 9),
(265, 11),
(266, 2),
(266, 9),
(266, 12),
(261, 2),
(261, 10),
(260, 2),
(260, 9),
(259, 2),
(259, 9),
(259, 12),
(267, 6),
(268, 2),
(268, 9),
(269, 2),
(269, 10),
(270, 6),
(271, 6),
(272, 6),
(273, 2),
(273, 9),
(274, 2),
(274, 10),
(275, 2),
(275, 10),
(276, 2),
(276, 9),
(277, 2),
(277, 9),
(277, 11),
(278, 2),
(278, 9),
(278, 12),
(279, 2),
(279, 10),
(280, 4),
(281, 4),
(282, 4),
(283, 6),
(284, 2),
(284, 9),
(285, 2),
(285, 9),
(285, 12),
(286, 2),
(286, 10),
(287, 2),
(287, 9),
(287, 11),
(288, 4),
(289, 4),
(290, 4),
(291, 2),
(291, 9),
(291, 12),
(292, 2),
(292, 10),
(293, 4),
(294, 4),
(295, 4),
(296, 2),
(296, 9),
(296, 11),
(297, 2),
(297, 9),
(297, 11),
(298, 2),
(298, 9),
(298, 12),
(299, 2),
(299, 10),
(300, 2),
(300, 9),
(301, 3),
(301, 12),
(303, 4),
(303, 13),
(305, 3),
(305, 12),
(307, 4),
(308, 4),
(309, 4),
(310, 4),
(302, 4),
(304, 4),
(306, 4),
(311, 4),
(312, 3),
(312, 12),
(313, 4),
(314, 4),
(315, 4),
(218, 5),
(219, 5),
(220, 5),
(221, 5),
(222, 5),
(223, 5),
(224, 5),
(225, 5),
(226, 5),
(227, 5),
(228, 5),
(316, 6),
(318, 4),
(319, 3),
(319, 12),
(320, 3),
(320, 12),
(321, 1),
(321, 7),
(321, 14),
(322, 3),
(322, 11),
(323, 3),
(323, 12),
(324, 1),
(324, 8),
(324, 14),
(325, 1),
(325, 7),
(325, 14),
(326, 2),
(326, 9),
(328, 3),
(328, 11),
(328, 13),
(329, 4),
(330, 4),
(331, 4),
(332, 3),
(332, 11),
(334, 1),
(334, 7),
(334, 15),
(335, 1),
(335, 7),
(335, 14),
(336, 1),
(336, 13),
(336, 14),
(337, 3),
(337, 12),
(333, 3),
(333, 11),
(338, 3),
(338, 12),
(339, 3),
(339, 12),
(339, 13),
(340, 3),
(340, 12),
(341, 3),
(341, 12),
(341, 13),
(342, 3),
(342, 12),
(342, 13),
(343, 3),
(343, 12),
(344, 3),
(344, 11),
(345, 3),
(345, 11),
(346, 3),
(346, 12),
(347, 3),
(347, 11),
(347, 13),
(348, 3),
(348, 12),
(349, 3),
(349, 11),
(349, 13),
(350, 3),
(350, 11),
(351, 3),
(351, 11),
(352, 3),
(352, 12),
(352, 13),
(353, 3),
(353, 11),
(353, 13),
(354, 3),
(354, 12),
(355, 3),
(355, 11),
(356, 3),
(356, 12),
(357, 3),
(357, 12),
(358, 3),
(358, 12),
(359, 3),
(359, 11),
(360, 3),
(360, 11),
(361, 3),
(361, 11),
(364, 3),
(364, 11),
(365, 3),
(365, 12),
(365, 13),
(366, 3),
(366, 11),
(367, 3),
(367, 12),
(368, 3),
(368, 11),
(368, 13),
(369, 6),
(362, 3),
(362, 11),
(370, 3),
(370, 11),
(371, 4),
(372, 3),
(372, 11),
(373, 4),
(374, 3),
(374, 12),
(375, 3),
(375, 11),
(375, 13),
(376, 4),
(377, 3),
(377, 11),
(378, 4),
(379, 4),
(380, 3),
(380, 11),
(381, 4),
(382, 4),
(383, 3),
(383, 12),
(384, 3),
(384, 12),
(385, 3),
(385, 11),
(385, 13),
(386, 3),
(386, 12),
(387, 3),
(387, 11),
(388, 3),
(388, 11),
(388, 13),
(389, 3),
(389, 12),
(390, 3),
(390, 11),
(390, 13),
(391, 3),
(391, 12),
(392, 3),
(392, 12),
(393, 3),
(393, 12),
(394, 3),
(394, 12),
(395, 3),
(395, 11),
(396, 3),
(396, 11),
(397, 3),
(397, 12),
(398, 3),
(398, 12),
(399, 3),
(399, 12),
(399, 13),
(400, 3),
(400, 12),
(400, 13),
(401, 3),
(401, 12),
(401, 13),
(402, 3),
(402, 12),
(402, 13),
(403, 3),
(403, 12),
(403, 13),
(404, 3),
(404, 12),
(405, 3),
(405, 12),
(406, 3),
(406, 11),
(407, 3),
(407, 12),
(409, 3),
(409, 11),
(410, 3),
(410, 12),
(411, 3),
(411, 11),
(412, 3),
(412, 12),
(413, 3),
(413, 11),
(414, 3),
(414, 11),
(415, 3),
(415, 12),
(416, 3),
(416, 11),
(416, 13),
(417, 3),
(417, 11),
(417, 13),
(418, 3),
(418, 11),
(419, 3),
(419, 11),
(363, 3),
(363, 11),
(420, 3),
(420, 12),
(420, 13),
(421, 3),
(421, 11),
(422, 3),
(422, 11),
(423, 3),
(423, 12),
(423, 13),
(424, 3),
(424, 12),
(425, 3),
(425, 12),
(408, 3),
(408, 11),
(426, 3),
(426, 11),
(427, 3),
(427, 11),
(428, 3),
(428, 11),
(429, 3),
(429, 12),
(430, 3),
(430, 12),
(431, 3),
(431, 11),
(432, 3),
(432, 11),
(433, 3),
(433, 11),
(433, 13),
(434, 3),
(434, 12),
(435, 3),
(435, 11),
(437, 3),
(437, 11),
(438, 3),
(438, 11),
(439, 3),
(439, 12),
(440, 3),
(440, 11),
(441, 3),
(441, 11),
(441, 13),
(442, 3),
(442, 11),
(443, 3),
(443, 11),
(436, 3),
(436, 11),
(444, 3),
(444, 12),
(445, 3),
(445, 11),
(446, 3),
(446, 11),
(447, 3),
(447, 11),
(448, 3),
(448, 11),
(449, 3),
(449, 12),
(450, 3),
(450, 11),
(450, 13),
(451, 3),
(451, 11),
(452, 3),
(452, 11),
(452, 13),
(453, 3),
(453, 11),
(454, 3),
(454, 11),
(455, 3),
(455, 11),
(456, 3),
(456, 12),
(457, 3),
(457, 12),
(458, 3),
(458, 12),
(459, 3),
(459, 12),
(460, 3),
(460, 11),
(460, 13),
(461, 3),
(461, 11),
(462, 3),
(462, 11),
(463, 3),
(463, 12),
(464, 3),
(464, 12),
(465, 3),
(465, 11),
(466, 3),
(466, 11),
(467, 3),
(467, 11),
(468, 3),
(468, 11),
(469, 3),
(469, 12),
(470, 3),
(470, 11),
(470, 13),
(471, 3),
(471, 12),
(472, 3),
(472, 11),
(473, 3),
(473, 11),
(473, 13),
(474, 3),
(474, 11),
(475, 3),
(475, 12),
(476, 3),
(476, 11),
(477, 3),
(477, 11),
(478, 3),
(478, 11),
(479, 3),
(479, 12),
(480, 6),
(481, 6),
(482, 6),
(483, 6),
(484, 6),
(486, 3),
(486, 11),
(487, 3),
(487, 11),
(327, 3),
(327, 11),
(485, 3),
(485, 11),
(488, 6),
(489, 3),
(489, 11),
(317, 3),
(317, 11),
(490, 3),
(490, 11),
(491, 3),
(491, 11),
(492, 3),
(492, 11),
(493, 3),
(494, 3),
(494, 11),
(495, 3),
(495, 11),
(496, 3),
(496, 11),
(497, 3),
(497, 11),
(498, 3),
(498, 11),
(499, 3),
(499, 12),
(499, 13),
(500, 3),
(500, 11),
(501, 3),
(501, 12),
(502, 3),
(502, 12),
(503, 3),
(503, 12),
(504, 3),
(504, 11),
(505, 3),
(505, 11),
(506, 3),
(506, 11),
(506, 13),
(507, 3),
(507, 11),
(508, 3),
(508, 11),
(509, 3),
(509, 11),
(511, 3),
(511, 11),
(511, 13),
(510, 3),
(510, 11),
(510, 13),
(512, 3),
(512, 11),
(512, 13),
(513, 3),
(513, 11),
(513, 13),
(514, 3),
(514, 11),
(514, 13),
(515, 4),
(515, 13),
(516, 3),
(516, 11),
(517, 3),
(517, 11),
(519, 3),
(519, 11),
(519, 13),
(520, 3),
(520, 12),
(521, 3),
(521, 11),
(522, 3),
(522, 12),
(523, 3),
(523, 12),
(523, 13),
(524, 3),
(524, 12),
(524, 13),
(525, 3),
(525, 11),
(526, 3),
(526, 12),
(527, 3),
(527, 11),
(527, 13),
(528, 3),
(528, 12),
(529, 3),
(529, 12),
(530, 3),
(530, 11),
(532, 3),
(532, 11),
(532, 13),
(533, 3),
(533, 11),
(533, 13),
(518, 3),
(518, 11),
(531, 3),
(531, 11),
(98, 4),
(100, 4),
(87, 1),
(87, 13),
(87, 14),
(1, 2),
(1, 9);

-- --------------------------------------------------------

--
-- Structure de la table `phrase`
--

DROP TABLE IF EXISTS `phrase`;
CREATE TABLE IF NOT EXISTS `phrase` (
  `id` int NOT NULL AUTO_INCREMENT,
  `audio` varchar(255) CHARACTER SET utf8mb4 COLLATE utf8mb4_general_ci DEFAULT NULL,
  `created_at` datetime(6) DEFAULT NULL,
  `score` int NOT NULL,
  `dossier_medical_id` int DEFAULT NULL,
  `question_id` int DEFAULT NULL,
  PRIMARY KEY (`id`),
  KEY `FKigjyb0chtqi52id0csjhod5g5` (`dossier_medical_id`),
  KEY `FK19qom7nwb1k1k7fujpoemguxt` (`question_id`)
) ENGINE=InnoDB AUTO_INCREMENT=9 DEFAULT CHARSET=utf8mb4 COLLATE=utf8mb4_general_ci;

--
-- Déchargement des données de la table `phrase`
--

INSERT INTO `phrase` (`id`, `audio`, `created_at`, `score`, `dossier_medical_id`, `question_id`) VALUES
(1, 'bson1', '2023-06-01 14:02:38.000000', 111, 1, NULL),
(2, 'bson2', '2023-06-01 14:02:38.000000', 222, 1, NULL),
(3, 'bson3', '2023-06-01 14:02:38.000000', 333, 2, NULL),
(4, 'bson4', '2023-06-01 14:02:38.000000', 4444, 2, NULL),
(5, 'bson5', '2023-06-01 14:02:38.000000', 555, 3, NULL),
(6, 'bson6', '2023-06-01 14:02:38.000000', 666, 3, NULL),
(7, 'bson7', '2023-06-01 14:02:38.000000', 777, 4, NULL),
(8, 'bson8', '2023-06-01 14:02:38.000000', 888, 4, NULL);

-- --------------------------------------------------------

--
-- Structure de la table `professionnel`
--

DROP TABLE IF EXISTS `professionnel`;
CREATE TABLE IF NOT EXISTS `professionnel` (
  `id` int NOT NULL AUTO_INCREMENT,
  `created_at` datetime(6) DEFAULT NULL,
  `date_naissance` date NOT NULL,
  `email` varchar(255) CHARACTER SET utf8mb4 COLLATE utf8mb4_general_ci NOT NULL,
  `nom` varchar(255) CHARACTER SET utf8mb4 COLLATE utf8mb4_general_ci DEFAULT NULL,
  `password` varchar(255) CHARACTER SET utf8mb4 COLLATE utf8mb4_general_ci NOT NULL,
  `prenom` varchar(255) CHARACTER SET utf8mb4 COLLATE utf8mb4_general_ci DEFAULT NULL,
  `service` varchar(255) CHARACTER SET utf8mb4 COLLATE utf8mb4_general_ci DEFAULT NULL,
  `telephone` varchar(255) CHARACTER SET utf8mb4 COLLATE utf8mb4_general_ci DEFAULT NULL,
  `username` varchar(32) CHARACTER SET utf8mb4 COLLATE utf8mb4_general_ci NOT NULL,
  PRIMARY KEY (`id`),
  UNIQUE KEY `UK_dtt2y6pmrp00hp7s3v01ewoss` (`email`),
  UNIQUE KEY `UK_nrh1tottrldn8ti7oh28a6774` (`username`)
) ENGINE=InnoDB AUTO_INCREMENT=12 DEFAULT CHARSET=utf8mb4 COLLATE=utf8mb4_general_ci;

--
-- Déchargement des données de la table `professionnel`
--

INSERT INTO `professionnel` (`id`, `created_at`, `date_naissance`, `email`, `nom`, `password`, `prenom`, `service`, `telephone`, `username`) VALUES
(1, '2023-06-08 13:44:53.601000', '2023-06-01', 'admin@mail.com', 'admin', '$2a$10$G7vYZ6Hf.eiBAbPUMAbFku8.k39zBIxnQkb1XSmBGNOuxb2gXDRya', 'admin', 'admin', '1111111111', 'adminA1'),
(2, '2023-06-08 13:46:28.696000', '2023-06-11', 'professionnel@mail.com', 'professionnel', '$2a$10$QWXtJeK5UzGiOs/hyKSPCurOeqvA/mEgZ67/RVwMp.el8DZjoBPfW', 'professionnel', 'professionnel', '2222222222', 'professionnelB2'),
(3, '2023-06-08 13:53:41.929000', '2023-06-02', 'jean.dupont@mail.com', 'Dupont', '$2a$10$vyzTo4avm3xvXER/uzlDoOwgromQVJZX8CNaXCWG4KQaK8tHdJ/ny', 'Jean', 'Pédiatrie', '3333333333', 'jeandupontA1'),
(4, '2023-06-08 13:59:04.479000', '2023-06-10', 'john.doe@mail.com', 'Doe', '$2a$10$onU3DCQ8Bx9alLUdTBLKrekLjN1CyZVYYkH4WecQSID4S70KV.uIO', 'John', 'Psychiatrie', '4444444444', 'johndoeA1'),
(5, '2023-06-08 17:53:19.592000', '2023-06-03', 'jean.deleger@mail.com', 'de Léger', '$2a$10$RXwWOWTwtP3mpmUG02YFmOefhNIBey6DnRrnuYVxZAnI.m.GnkDPC', 'Jean-Luc', 'Département CHU-02', '+33694566795', 'testregex33Z');

-- --------------------------------------------------------

--
-- Structure de la table `professionnel_roles`
--

DROP TABLE IF EXISTS `professionnel_roles`;
CREATE TABLE IF NOT EXISTS `professionnel_roles` (
  `professionnels_id` int NOT NULL,
  `roles_id` int NOT NULL,
  PRIMARY KEY (`professionnels_id`,`roles_id`),
  KEY `FKjn5obi6ymua75nvgf5qu3won9` (`roles_id`)
) ENGINE=InnoDB DEFAULT CHARSET=utf8mb4 COLLATE=utf8mb4_general_ci;

--
-- Déchargement des données de la table `professionnel_roles`
--

INSERT INTO `professionnel_roles` (`professionnels_id`, `roles_id`) VALUES
(1, 1),
(2, 2),
(3, 2),
(4, 2),
(5, 2);

-- --------------------------------------------------------

--
-- Structure de la table `question`
--

DROP TABLE IF EXISTS `question`;
CREATE TABLE IF NOT EXISTS `question` (
  `id` int NOT NULL AUTO_INCREMENT,
  `contenu` varchar(255) CHARACTER SET utf8mb4 COLLATE utf8mb4_general_ci DEFAULT NULL,
  `created_at` datetime(6) DEFAULT NULL,
  PRIMARY KEY (`id`)
) ENGINE=InnoDB DEFAULT CHARSET=utf8mb4 COLLATE=utf8mb4_general_ci;

-- --------------------------------------------------------

--
-- Structure de la table `question_categorie`
--

DROP TABLE IF EXISTS `question_categorie`;
CREATE TABLE IF NOT EXISTS `question_categorie` (
  `question_id` int NOT NULL,
  `categorie_id` int NOT NULL,
  KEY `FK4ecmwhmwed35li10pehskmo5v` (`categorie_id`),
  KEY `FK8p4t83g4qt4vr4k1bu9smcjav` (`question_id`)
) ENGINE=InnoDB DEFAULT CHARSET=utf8mb4 COLLATE=utf8mb4_general_ci;

-- --------------------------------------------------------

--
-- Structure de la table `role`
--

DROP TABLE IF EXISTS `role`;
CREATE TABLE IF NOT EXISTS `role` (
  `id` int NOT NULL AUTO_INCREMENT,
  `name` varchar(20) COLLATE utf8mb4_general_ci DEFAULT NULL,
  PRIMARY KEY (`id`)
) ENGINE=InnoDB AUTO_INCREMENT=3 DEFAULT CHARSET=utf8mb4 COLLATE=utf8mb4_general_ci;

--
-- Déchargement des données de la table `role`
--

INSERT INTO `role` (`id`, `name`) VALUES
(1, 'ROLE_ADMIN'),
(2, 'ROLE_PRO');

-- --------------------------------------------------------

--
-- Structure de la table `sous_categorie`
--

DROP TABLE IF EXISTS `sous_categorie`;
CREATE TABLE IF NOT EXISTS `sous_categorie` (
  `id` int NOT NULL AUTO_INCREMENT,
  `created_at` datetime(6) NOT NULL,
  `nom` varchar(255) CHARACTER SET utf8mb4 COLLATE utf8mb4_general_ci DEFAULT NULL,
  `picto_file` varchar(255) CHARACTER SET utf8mb4 COLLATE utf8mb4_general_ci DEFAULT NULL,
  `updated_at` datetime(6) DEFAULT NULL,
  `categorie_id` int DEFAULT NULL,
  PRIMARY KEY (`id`),
  KEY `FKrqdn0l7bb88g42fs81pbhevag` (`categorie_id`)
) ENGINE=InnoDB AUTO_INCREMENT=20 DEFAULT CHARSET=utf8mb4 COLLATE=utf8mb4_general_ci;

--
-- Déchargement des données de la table `sous_categorie`
--

INSERT INTO `sous_categorie` (`id`, `created_at`, `nom`, `picto_file`, `updated_at`, `categorie_id`) VALUES
(1, '2023-04-14 17:30:40.000000', 'Boissons', 'boissons.png', NULL, 6),
(2, '2023-04-14 17:30:40.000000', 'Fruits et légumes', 'fruitsEtLegumes.png', NULL, 6),
(3, '2023-04-14 17:30:40.000000', 'École', 'ecole.png', NULL, 14),
(4, '2023-04-14 17:30:40.000000', 'Maison', 'maison.png', NULL, 14),
(5, '2023-04-14 17:30:40.000000', 'Magasins', 'magasins.png', NULL, 14),
(6, '2023-04-14 17:30:40.000000', 'Famille', 'Famille.png', NULL, 2),
(7, '2023-04-14 17:30:40.000000', 'Objets de la cuisine', 'objetsCuisine.png', NULL, 17),
(8, '2023-04-14 17:30:40.000000', 'Objets de la salle de bain', 'objetsSalleDeBain.png', NULL, 17),
(9, '2023-04-14 17:30:40.000000', 'Lettre A', 'A.png', NULL, 11),
(10, '2023-04-14 17:30:40.000000', 'Lettre C', 'C.png', NULL, 11),
(11, '2023-04-14 17:30:40.000000', 'Lettre D', 'D.png', NULL, 11),
(12, '2023-04-14 17:30:40.000000', 'Lettre E', 'E.png', NULL, 11),
(13, '2023-04-14 17:30:40.000000', 'Lettre L', 'L.png', NULL, 11),
(14, '2023-04-14 17:30:40.000000', 'Lettre M', 'M.png', NULL, 11),
(15, '2023-04-14 17:30:40.000000', 'Lettre N', 'N.png', NULL, 11),
(16, '2023-04-14 17:30:40.000000', 'Lettre S', 'S.png', NULL, 11),
(17, '2023-04-14 17:30:40.000000', 'Lettre T', 'T.png', NULL, 11),
(18, '2023-04-14 17:30:40.000000', 'Lettre U', 'U.png', NULL, 11),
(19, '2023-04-14 17:30:40.000000', 'Lettre V', 'V.png', NULL, 11);

-- --------------------------------------------------------

--
-- Structure de la table `tag`
--

DROP TABLE IF EXISTS `tag`;
CREATE TABLE IF NOT EXISTS `tag` (
  `id` int NOT NULL AUTO_INCREMENT,
  `nom` varchar(255) CHARACTER SET utf8mb4 COLLATE utf8mb4_general_ci DEFAULT NULL,
  PRIMARY KEY (`id`)
) ENGINE=InnoDB AUTO_INCREMENT=16 DEFAULT CHARSET=utf8mb4 COLLATE=utf8mb4_general_ci;

--
-- Déchargement des données de la table `tag`
--

INSERT INTO `tag` (`id`, `nom`) VALUES
(1, 'verbe'),
(2, 'pronom_ou_determinant'),
(3, 'nom'),
(4, 'adjectif'),
(5, 'nombre'),
(6, 'invariable'),
(7, 'premier_groupe'),
(8, 'deuxieme_groupe'),
(9, 'singulier'),
(10, 'pluriel'),
(11, 'masculin'),
(12, 'feminin'),
(13, 'irregulier'),
(14, 'auxiliaire_avoir'),
(15, 'auxiliaire_etre');

--
-- Contraintes pour les tables déchargées
--

--
-- Contraintes pour la table `conjugaison`
--
ALTER TABLE `conjugaison`
  ADD CONSTRAINT `FKhls5j2091cwwb1weyqf2ny34h` FOREIGN KEY (`irregulier_id`) REFERENCES `irregulier` (`id`);

--
-- Contraintes pour la table `dossier_medical`
--
ALTER TABLE `dossier_medical`
  ADD CONSTRAINT `FKqnfn437i833ltnjcrl9wu4plo` FOREIGN KEY (`professionnel_id`) REFERENCES `professionnel` (`id`);

--
-- Contraintes pour la table `mot`
--
ALTER TABLE `mot`
  ADD CONSTRAINT `FK94s0buj6qhfhh2n76vymttn5n` FOREIGN KEY (`irregulier_id`) REFERENCES `irregulier` (`id`),
  ADD CONSTRAINT `FKhiy1177oa9hpyss4vj3x0yglx` FOREIGN KEY (`sous_categorie_id`) REFERENCES `sous_categorie` (`id`),
  ADD CONSTRAINT `FKk46y2d4gysg291pyyhwwe7irm` FOREIGN KEY (`professionnel_id`) REFERENCES `professionnel` (`id`),
  ADD CONSTRAINT `FKmwb1cm2lcser63v964fas9102` FOREIGN KEY (`categorie_id`) REFERENCES `categorie` (`id`);

--
-- Contraintes pour la table `mot_phrase`
--
ALTER TABLE `mot_phrase`
  ADD CONSTRAINT `FK3oigfwcycptjxqu9qhj0ygqny` FOREIGN KEY (`phrase_id`) REFERENCES `phrase` (`id`),
  ADD CONSTRAINT `FKc7hw2o15td2yja1hab0nam2bh` FOREIGN KEY (`mot_id`) REFERENCES `mot` (`id`);

--
-- Contraintes pour la table `mot_tag`
--
ALTER TABLE `mot_tag`
  ADD CONSTRAINT `FKdnu32yto9hq7a3895390f3jsb` FOREIGN KEY (`mot_id`) REFERENCES `mot` (`id`),
  ADD CONSTRAINT `FKpsq42sd7ynu20r6pqilwb6jlk` FOREIGN KEY (`tag_id`) REFERENCES `tag` (`id`);

--
-- Contraintes pour la table `phrase`
--
ALTER TABLE `phrase`
  ADD CONSTRAINT `FK19qom7nwb1k1k7fujpoemguxt` FOREIGN KEY (`question_id`) REFERENCES `question` (`id`),
  ADD CONSTRAINT `FKigjyb0chtqi52id0csjhod5g5` FOREIGN KEY (`dossier_medical_id`) REFERENCES `dossier_medical` (`id`);

--
-- Contraintes pour la table `professionnel_roles`
--
ALTER TABLE `professionnel_roles`
  ADD CONSTRAINT `FK7rqk0i8vkmiblgva3fo1un7ix` FOREIGN KEY (`professionnels_id`) REFERENCES `professionnel` (`id`),
  ADD CONSTRAINT `FKjn5obi6ymua75nvgf5qu3won9` FOREIGN KEY (`roles_id`) REFERENCES `role` (`id`);

--
-- Contraintes pour la table `question_categorie`
--
ALTER TABLE `question_categorie`
  ADD CONSTRAINT `FK4ecmwhmwed35li10pehskmo5v` FOREIGN KEY (`categorie_id`) REFERENCES `categorie` (`id`),
  ADD CONSTRAINT `FK8p4t83g4qt4vr4k1bu9smcjav` FOREIGN KEY (`question_id`) REFERENCES `question` (`id`);

--
-- Contraintes pour la table `sous_categorie`
--
ALTER TABLE `sous_categorie`
  ADD CONSTRAINT `FKrqdn0l7bb88g42fs81pbhevag` FOREIGN KEY (`categorie_id`) REFERENCES `categorie` (`id`);
COMMIT;

/*!40101 SET CHARACTER_SET_CLIENT=@OLD_CHARACTER_SET_CLIENT */;
/*!40101 SET CHARACTER_SET_RESULTS=@OLD_CHARACTER_SET_RESULTS */;
/*!40101 SET COLLATION_CONNECTION=@OLD_COLLATION_CONNECTION */;
